plan_name,plan_code,data_allowance_raw,data_allowance_normalized,qos_raw,qos_speed,voice_allowance,sms_allowance,base_price_text,base_price,benefit_price_text,benefit_price,plan_type,partnership_flag,network_type,product_group,source_url,collected_at
모두다 맘껏 7GB+(쿠팡캐시 5000원),PL2635398,7GB+최대1Mbps,7GB,7GB+최대1Mbps,1Mbps,무제한,기본제공,"월 35,200원",35200,"혜택가 월 18,500원",18500,유심,true,LTE,"쿠팡, 매월 쿠팡 캐시 5,000원",https://www.ktmmobile.com/rate/rateList.do,2026-05-21T09:40:51.658Z
모두다 맘껏 15GB+(쿠팡캐시 5000원),PL2635400,15GB+최대1Mbps,15GB,15GB+최대1Mbps,1Mbps,무제한,기본제공,"월 48,400원",48400,"혜택가 월 23,700원",23700,유심,true,5G,"쿠팡, 매월 쿠팡 캐시 5,000원",https://www.ktmmobile.com/rate/rateList.do,2026-05-21T09:40:51.659Z
모두다 맘껏 10GB+(쿠팡캐시 5000원),PL2635399,10GB+최대1Mbps,10GB,10GB+최대1Mbps,1Mbps,무제한,기본제공,"월 39,600원",39600,"혜택가 월 21,200원",21200,유심,true,LTE,"쿠팡, 매월 쿠팡 캐시 5,000원",https://www.ktmmobile.com/rate/rateList.do,2026-05-21T09:40:51.659Z
모두다 맘껏 7GB+(밀리의 서재 FREE),PL235Q981,7GB+최대1Mbps,7GB,7GB+최대1Mbps,1Mbps,무제한,기본제공,"월 35,200원",35200,"혜택가 월 16,300원",16300,유심,true,LTE,"밀리의 서재, 전자책 정기 구독 혜택 제공",https://www.ktmmobile.com/rate/rateList.do,2026-05-21T09:40:52.312Z
모두다 맘껏 11GB+(밀리의 서재 FREE),PL233R494,11GB+일2GB+최대3Mbps,11GB+일2GB,11GB+일2GB+최대3Mbps,3Mbps,무제한,기본제공,"월 51,000원",51000,"혜택가 월 33,100원",33100,유심,true,LTE,"밀리의 서재, 전자책 정기 구독 혜택 제공",https://www.ktmmobile.com/rate/rateList.do,2026-05-21T09:40:52.312Z
모두다 맘껏 10GB+(밀리의 서재 FREE),PL236M153,10GB+최대1Mbps,10GB,10GB+최대1Mbps,1Mbps,무제한,기본제공,"월 39,600원",39600,"혜택가 월 19,000원",19000,유심,true,LTE,"밀리의 서재, 전자책 정기 구독 혜택 제공",https://www.ktmmobile.com/rate/rateList.do,2026-05-21T09:40:52.312Z
모두다 맘껏 15GB+(밀리의 서재 FREE),PL236M150,15GB+최대1Mbps,15GB,15GB+최대1Mbps,1Mbps,무제한,기본제공,"월 48,400원",48400,"혜택가 월 21,500원",21500,유심,true,5G,"밀리의 서재, 전자책 정기 구독 혜택 제공",https://www.ktmmobile.com/rate/rateList.do,2026-05-21T09:40:52.312Z
데이터 맘껏 15GB+/100분(밀리의 서재 FREE),PL236N158,15GB+최대3Mbps,15GB,15GB+최대3Mbps,3Mbps,100분,100건,"월 47,300원",47300,"혜택가 월 25,400원",25400,유심,true,5G,"밀리의 서재, 전자책 정기 구독 혜택 제공",https://www.ktmmobile.com/rate/rateList.do,2026-05-21T09:40:52.312Z
모두다 맘껏 100GB+(밀리의 서재 FREE),PL235Q972,100GB+최대5Mbps,100GB,100GB+최대5Mbps,5Mbps,무제한,기본제공,"월 66,000원",66000,"혜택가 월 38,300원",38300,유심,true,LTE,"밀리의 서재, 전자책 정기 구독 혜택 제공",https://www.ktmmobile.com/rate/rateList.do,2026-05-21T09:40:52.312Z
5G 모두다 맘껏 70GB+(밀리의 서재 FREE),PL238P570,70GB+최대1Mbps,70GB,70GB+최대1Mbps,1Mbps,무제한,기본제공,"월 64,000원",64000,"혜택가 월 39,100원",39100,유심,true,5G,"밀리의 서재, 전자책 정기 구독 혜택 제공",https://www.ktmmobile.com/rate/rateList.do,2026-05-21T09:40:52.312Z
5G 모두다 맘껏 90GB+(밀리의 서재 FREE),PL238P564,90GB+최대1Mbps,90GB,90GB+최대1Mbps,1Mbps,무제한,기본제공,"월 66,000원",66000,"혜택가 월 40,300원",40300,유심,true,5G,"밀리의 서재, 전자책 정기 구독 혜택 제공",https://www.ktmmobile.com/rate/rateList.do,2026-05-21T09:40:52.312Z
5G 모두다 맘껏 110GB+(밀리의 서재 FREE),PL238P559,110GB+최대5Mbps,110GB,110GB+최대5Mbps,5Mbps,무제한,기본제공,"월 69,000원",69000,"혜택가 월 41,500원",41500,유심,true,5G,"밀리의 서재, 전자책 정기 구독 혜택 제공",https://www.ktmmobile.com/rate/rateList.do,2026-05-21T09:40:52.312Z
5G 모두다 맘껏 200GB+(밀리의 서재 FREE),PL238P555,200GB+최대10Mbps,200GB,200GB+최대10Mbps,10Mbps,무제한,기본제공,"월 77,000원",77000,"혜택가 월 47,700원",47700,유심,true,5G,"밀리의 서재, 전자책 정기 구독 혜택 제공",https://www.ktmmobile.com/rate/rateList.do,2026-05-21T09:40:52.312Z
더블팩 7GB(밀리+후후),PL259Q386,7GB+최대1Mbps,7GB,7GB+최대1Mbps,1Mbps,무제한,기본제공,"월 35,200원",35200,"혜택가 월 17,000원",17000,유심,true,LTE,"밀리의 서재, 후후까지 더블팩으로 이용",https://www.ktmmobile.com/rate/rateList.do,2026-05-21T09:40:52.805Z
더블팩 10GB(밀리+후후),PL259Q388,10GB+최대1Mbps,10GB,10GB+최대1Mbps,1Mbps,무제한,기본제공,"월 39,600원",39600,"혜택가 월 19,700원",19700,유심,true,LTE,"밀리의 서재, 후후까지 더블팩으로 이용",https://www.ktmmobile.com/rate/rateList.do,2026-05-21T09:40:52.805Z
더블팩 15GB(밀리+후후),PL259Q389,15GB+최대1Mbps,15GB,15GB+최대1Mbps,1Mbps,무제한,기본제공,"월 48,400원",48400,"혜택가 월 22,200원",22200,유심,true,5G,"밀리의 서재, 후후까지 더블팩으로 이용",https://www.ktmmobile.com/rate/rateList.do,2026-05-21T09:40:52.805Z
모두다 맘껏 7GB+(PAY쿠폰 3000P),PL248R694,7GB+최대1Mbps,7GB,7GB+최대1Mbps,1Mbps,무제한,기본제공,"월 35,200원",35200,"혜택가 월 17,600원",17600,유심,true,LTE,"네이버 페이, 매월 3,000P ~ 5,000P",https://www.ktmmobile.com/rate/rateList.do,2026-05-21T09:40:53.524Z
모두다 맘껏 7GB+(PAY쿠폰 5000P),PL238P571,7GB+최대1Mbps,7GB,7GB+최대1Mbps,1Mbps,무제한,기본제공,"월 35,200원",35200,"혜택가 월 18,500원",18500,유심,true,LTE,"네이버 페이, 매월 3,000P ~ 5,000P",https://www.ktmmobile.com/rate/rateList.do,2026-05-21T09:40:53.524Z
모두다 맘껏 11GB+(PAY쿠폰 5000P),PL226T130,11GB+일2GB+최대3Mbps,11GB+일2GB,11GB+일2GB+최대3Mbps,3Mbps,무제한,기본제공,"월 51,000원",51000,"혜택가 월 35,600원",35600,유심,true,LTE,"네이버 페이, 매월 3,000P ~ 5,000P",https://www.ktmmobile.com/rate/rateList.do,2026-05-21T09:40:53.524Z
데이터 맘껏 15GB+/100분(PAY쿠폰 5000P),PL226T147,15GB+최대3Mbps,15GB,15GB+최대3Mbps,3Mbps,100분,100건,"월 56,100원",56100,"혜택가 월 27,800원",27800,유심,true,5G,"네이버 페이, 매월 3,000P ~ 5,000P",https://www.ktmmobile.com/rate/rateList.do,2026-05-21T09:40:53.524Z
데이터 맘껏 15GB+/300분(PAY쿠폰 5000P),PL226T151,15GB+최대3Mbps,15GB,15GB+최대3Mbps,3Mbps,300분,300건,"월 60,500원",60500,"혜택가 월 29,900원",29900,유심,true,5G,"네이버 페이, 매월 3,000P ~ 5,000P",https://www.ktmmobile.com/rate/rateList.do,2026-05-21T09:40:53.524Z
모두다 맘껏 100GB+(PAY쿠폰 5000P),PL238P575,100GB+최대5Mbps,100GB,100GB+최대5Mbps,5Mbps,무제한,기본제공,"월 66,000원",66000,"혜택가 월 41,700원",41700,유심,true,LTE,"네이버 페이, 매월 3,000P ~ 5,000P",https://www.ktmmobile.com/rate/rateList.do,2026-05-21T09:40:53.524Z
모두다 맘껏 15GB+(PAY쿠폰 5000P),PL2543170,15GB+최대1Mbps,15GB,15GB+최대1Mbps,1Mbps,무제한,기본제공,"월 48,400원",48400,"혜택가 월 23,700원",23700,유심,true,5G,"네이버 페이, 매월 3,000P ~ 5,000P",https://www.ktmmobile.com/rate/rateList.do,2026-05-21T09:40:53.524Z
모두다 맘껏 10GB+(PAY 쿠폰 5000P),PL2543169,10GB+최대1Mbps,10GB,10GB+최대1Mbps,1Mbps,무제한,기본제공,"월 39,600원",39600,"혜택가 월 21,200원",21200,유심,true,LTE,"네이버 페이, 매월 3,000P ~ 5,000P",https://www.ktmmobile.com/rate/rateList.do,2026-05-21T09:40:53.524Z
5G 모두다 맘껏 70GB+(Pay쿠폰 5000P),PL25C4807,70GB+최대1Mbps,70GB,70GB+최대1Mbps,1Mbps,무제한,기본제공,"월 65,000원",65000,"혜택가 월 40,900원",40900,유심,true,5G,"네이버 페이, 매월 3,000P ~ 5,000P",https://www.ktmmobile.com/rate/rateList.do,2026-05-21T09:40:53.524Z
5G 모두다 맘껏 90GB+(Pay쿠폰 5000P),PL25C4810,90GB+최대1Mbps,90GB,90GB+최대1Mbps,1Mbps,무제한,기본제공,"월 66,000		원",66000,"혜택가 월 41,900		원",41900,유심,true,5G,"네이버 페이, 매월 3,000P ~ 5,000P",https://www.ktmmobile.com/rate/rateList.do,2026-05-21T09:40:53.524Z
모두다 맘껏 10GB+(CU 20%할인),PL247U554,10GB+최대1Mbps,10GB,10GB+최대1Mbps,1Mbps,무제한,기본제공,"월 39,600원",39600,"혜택가 월 19,400원",19400,유심,true,LTE,"CU,  결제할 때마다 20% 할인",https://www.ktmmobile.com/rate/rateList.do,2026-05-21T09:40:54.171Z
데이터 맘껏 15GB+/100분(CU 20%할인),PL244N957,15GB+최대3Mbps,15GB,15GB+최대3Mbps,3Mbps,100분,100건,"월 47,300원",47300,"혜택가 월 25,300원",25300,유심,true,5G,"CU,  결제할 때마다 20% 할인",https://www.ktmmobile.com/rate/rateList.do,2026-05-21T09:40:54.171Z
데이터 맘껏 15GB+/300분(CU 20%할인),PL245O253,15GB+최대3Mbps,15GB,15GB+최대3Mbps,3Mbps,300분,300건,"월 55,000원",55000,"혜택가 월 27,500원",27500,유심,true,5G,"CU,  결제할 때마다 20% 할인",https://www.ktmmobile.com/rate/rateList.do,2026-05-21T09:40:54.171Z
모두다 맘껏 15GB+(CU 20%할인),PL245O249,15GB+최대1Mbps,15GB,15GB+최대1Mbps,1Mbps,무제한,기본제공,"월 48,400원",48400,"혜택가 월 21,900원",21900,유심,true,5G,"CU,  결제할 때마다 20% 할인",https://www.ktmmobile.com/rate/rateList.do,2026-05-21T09:40:54.171Z
모두다 맘껏 11GB+(CU 20%할인),PL244N953,11GB+일2GB+최대3Mbps,11GB+일2GB,11GB+일2GB+최대3Mbps,3Mbps,무제한,기본제공,"월 51,000원",51000,"혜택가 월 33,000원",33000,유심,true,LTE,"CU,  결제할 때마다 20% 할인",https://www.ktmmobile.com/rate/rateList.do,2026-05-21T09:40:54.171Z
모두다 맘껏 100GB+(CU 20%할인),PL244N950,100GB+최대5Mbps,100GB,100GB+최대5Mbps,5Mbps,무제한,기본제공,"월 66,000원",66000,"혜택가 월 38,200원",38200,유심,true,LTE,"CU,  결제할 때마다 20% 할인",https://www.ktmmobile.com/rate/rateList.do,2026-05-21T09:40:54.171Z
모두다 맘껏 7GB+(CU 20%할인),PL2634385,7GB+최대1Mbps,7GB,7GB+최대1Mbps,1Mbps,무제한,기본제공,"월 35,200원",35200,"혜택가 월 16,700원",16700,유심,true,LTE,"CU,  결제할 때마다 20% 할인",https://www.ktmmobile.com/rate/rateList.do,2026-05-21T09:40:54.171Z
모두다 맘껏 7GB+(다이소 5000P),PL2543129,7GB+최대1Mbps,7GB,7GB+최대1Mbps,1Mbps,무제한,기본제공,"월 35,200원",35200,"혜택가 월 18,500원",18500,유심,true,LTE,"다이소 모바일상품권 매월 5,000P",https://www.ktmmobile.com/rate/rateList.do,2026-05-21T09:40:54.698Z
모두다 맘껏 10GB+(다이소 5000P),PL2543131,10GB+최대1Mbps,10GB,10GB+최대1Mbps,1Mbps,무제한,기본제공,"월 39,600원",39600,"혜택가 월 21,200원",21200,유심,true,LTE,"다이소 모바일상품권 매월 5,000P",https://www.ktmmobile.com/rate/rateList.do,2026-05-21T09:40:54.698Z
모두다 맘껏 15GB+(다이소 5000P),PL2543133,15GB+최대1Mbps,15GB,15GB+최대1Mbps,1Mbps,무제한,기본제공,"월 48,400원",48400,"혜택가 월 23,700원",23700,유심,true,5G,"다이소 모바일상품권 매월 5,000P",https://www.ktmmobile.com/rate/rateList.do,2026-05-21T09:40:54.698Z
데이터 맘껏 15GB+/100분(다이소 5000P),PL2543166,15GB+최대3Mbps,15GB,15GB+최대3Mbps,3Mbps,100분,100건,"월 56,100원",56100,"혜택가 월 27,600원",27600,유심,true,5G,"다이소 모바일상품권 매월 5,000P",https://www.ktmmobile.com/rate/rateList.do,2026-05-21T09:40:54.698Z
데이터 맘껏 15GB+/300분(다이소 5000P),PL2543136,15GB+최대3Mbps,15GB,15GB+최대3Mbps,3Mbps,300분,300건,"월 60,500원",60500,"혜택가 월 29,800원",29800,유심,true,5G,"다이소 모바일상품권 매월 5,000P",https://www.ktmmobile.com/rate/rateList.do,2026-05-21T09:40:54.698Z
모두다 맘껏 100GB+(다이소 5000P),PL2543168,100GB+최대5Mbps,100GB,100GB+최대5Mbps,5Mbps,무제한,기본제공,"월 66,000원",66000,"혜택가 월 41,700원",41700,유심,true,LTE,"다이소 모바일상품권 매월 5,000P",https://www.ktmmobile.com/rate/rateList.do,2026-05-21T09:40:54.698Z
모두다 맘껏 11GB+(다이소 5000P),PL2543175,11GB+일2GB+최대3Mbps,11GB+일2GB,11GB+일2GB+최대3Mbps,3Mbps,기본제공,기본제공,"월 51,000원",51000,"혜택가 월 35,600원",35600,유심,true,LTE,"다이소 모바일상품권 매월 5,000P",https://www.ktmmobile.com/rate/rateList.do,2026-05-21T09:40:54.698Z
5G 모두다 맘껏 70GB+(다이소 5000P),PL25C4808,70GB+최대1Mbps,70GB,70GB+최대1Mbps,1Mbps,무제한,기본제공,"월 65,000원",65000,"혜택가 월 40,900원",40900,유심,true,5G,"다이소 모바일상품권 매월 5,000P",https://www.ktmmobile.com/rate/rateList.do,2026-05-21T09:40:54.698Z
5G 모두다 맘껏 90GB+(다이소 5000P),PL25C4811,70GB+최대1Mbps,70GB,70GB+최대1Mbps,1Mbps,무제한,기본제공,"월 66,000원",66000,"혜택가 월 41,900원",41900,유심,true,5G,"다이소 모바일상품권 매월 5,000P",https://www.ktmmobile.com/rate/rateList.do,2026-05-21T09:40:54.698Z
모두다 맘껏 7GB+(올리브영 5000P),PL2543127,7GB+최대1Mbps,7GB,7GB+최대1Mbps,1Mbps,무제한,기본제공,"월 35,200원",35200,"혜택가 월 18,500원",18500,유심,true,LTE,"올리브영 모바일상품권 매월 5,000P",https://www.ktmmobile.com/rate/rateList.do,2026-05-21T09:40:55.257Z
모두다 맘껏 10GB+(올리브영 5000P),PL2543128,10GB+최대1Mbps,10GB,10GB+최대1Mbps,1Mbps,무제한,기본제공,"월 39,600원",39600,"혜택가 월 21,200원",21200,유심,true,LTE,"올리브영 모바일상품권 매월 5,000P",https://www.ktmmobile.com/rate/rateList.do,2026-05-21T09:40:55.257Z
모두다 맘껏 15GB+(올리브영 5000P),PL2543132,15GB+최대1Mbps,15GB,15GB+최대1Mbps,1Mbps,무제한,기본제공,"월 48,400원",48400,"혜택가 월 23,700원",23700,유심,true,5G,"올리브영 모바일상품권 매월 5,000P",https://www.ktmmobile.com/rate/rateList.do,2026-05-21T09:40:55.257Z
데이터 맘껏 15GB+/100분(올리브영 5000P),PL2543165,15GB+최대3Mbps,15GB,15GB+최대3Mbps,3Mbps,100분,100건,"월 56,100원",56100,"혜택가 월 27,600원",27600,유심,true,5G,"올리브영 모바일상품권 매월 5,000P",https://www.ktmmobile.com/rate/rateList.do,2026-05-21T09:40:55.257Z
데이터 맘껏 15GB+/300분(올리브영 5000P),PL2543139,15GB+최대3Mbps,15GB,15GB+최대3Mbps,3Mbps,300분,300건,"월 60,500원",60500,"혜택가 월 29,800원",29800,유심,true,5G,"올리브영 모바일상품권 매월 5,000P",https://www.ktmmobile.com/rate/rateList.do,2026-05-21T09:40:55.257Z
모두다 맘껏 100GB+(올리브영 5000P),PL2543167,100GB+최대5Mbps,100GB,100GB+최대5Mbps,5Mbps,무제한,기본제공,"월 66,000원",66000,"혜택가 월 41,700원",41700,유심,true,LTE,"올리브영 모바일상품권 매월 5,000P",https://www.ktmmobile.com/rate/rateList.do,2026-05-21T09:40:55.257Z
모두다 맘껏 11GB+(올리브영 5000P),PL2543174,11GB+일2GB+최대3Mbps,11GB+일2GB,11GB+일2GB+최대3Mbps,3Mbps,기본제공,기본제공,"월 51,000원",51000,"혜택가 월 35,600원",35600,유심,true,LTE,"올리브영 모바일상품권 매월 5,000P",https://www.ktmmobile.com/rate/rateList.do,2026-05-21T09:40:55.257Z
5G 모두다 맘껏 70GB+(올리브영 5000P),PL25C4809,70GB+최대1Mbps,70GB,70GB+최대1Mbps,1Mbps,무제한,기본제공,"월 65,000		원",65000,"혜택가 월 40,900		원",40900,유심,true,5G,"올리브영 모바일상품권 매월 5,000P",https://www.ktmmobile.com/rate/rateList.do,2026-05-21T09:40:55.257Z
5G 모두다 맘껏 90GB+(올리브영 5000P),PL25C4812,90GB+최대1Mbps,90GB,90GB+최대1Mbps,1Mbps,무제한,기본제공,"월 66,000원",66000,"혜택가 월 41,900원",41900,유심,true,5G,"올리브영 모바일상품권 매월 5,000P",https://www.ktmmobile.com/rate/rateList.do,2026-05-21T09:40:55.257Z
모두다 맘껏 100GB+(모아진 FREE),PL2565747,100GB+최대5Mbps,100GB,100GB+최대5Mbps,5Mbps,무제한,기본제공,"월 66,000원",66000,"혜택가 월 38,200원",38200,유심,true,LTE,"모아진, 국내 매거진 무제한 구독 혜택 매월 제공",https://www.ktmmobile.com/rate/rateList.do,2026-05-21T09:40:55.774Z
데이터 맘껏 15GB+/300분(모아진 FREE),PL2565749,15GB+최대3Mbps,15GB,15GB+최대3Mbps,3Mbps,300분,300건,"월 60,500원",60500,"혜택가 월 27,500원",27500,유심,true,5G,"모아진, 국내 매거진 무제한 구독 혜택 매월 제공",https://www.ktmmobile.com/rate/rateList.do,2026-05-21T09:40:55.774Z
데이터 맘껏 15GB+/100분(모아진 FREE),PL2565748,15GB+최대3Mbps,15GB,15GB+최대3Mbps,3Mbps,100분,100건,"월 56,100원",56100,"혜택가 월 25,300원",25300,유심,true,5G,"모아진, 국내 매거진 무제한 구독 혜택 매월 제공",https://www.ktmmobile.com/rate/rateList.do,2026-05-21T09:40:55.774Z
모두다 맘껏 15GB+(모아진 FREE),PL259C341,15GB+최대1Mbps,15GB,15GB+최대1Mbps,1Mbps,무제한,기본제공,"월 48,400원",48400,"혜택가 월 21,400원",21400,유심,true,5G,"모아진, 국내 매거진 무제한 구독 혜택 매월 제공",https://www.ktmmobile.com/rate/rateList.do,2026-05-21T09:40:55.774Z
모두다 맘껏 10GB+(모아진 FREE),PL259C340,10GB+최대1Mbps,10GB,10GB+최대1Mbps,1Mbps,무제한,기본제공,"월 39,600원",39600,"혜택가 월 18,900원",18900,유심,true,LTE,"모아진, 국내 매거진 무제한 구독 혜택 매월 제공",https://www.ktmmobile.com/rate/rateList.do,2026-05-21T09:40:55.774Z
모두다 맘껏 7GB+(모아진 FREE),PL259C339,7GB+최대1Mbps,7GB,7GB+최대1Mbps,1Mbps,무제한,기본제공,"월 35,200원",35200,"혜택가 월 16,200원",16200,유심,true,LTE,"모아진, 국내 매거진 무제한 구독 혜택 매월 제공",https://www.ktmmobile.com/rate/rateList.do,2026-05-21T09:40:55.774Z
모두다 맘껏 11GB+(모아진 FREE),PL2565746,11GB+일2GB+최대3Mbps,11GB+일2GB,11GB+일2GB+최대3Mbps,3Mbps,기본제공,기본제공,"월 51,000원",51000,"혜택가 월 33,000 원",33000,유심,true,LTE,"모아진, 국내 매거진 무제한 구독 혜택 매월 제공",https://www.ktmmobile.com/rate/rateList.do,2026-05-21T09:40:55.774Z
모두다 맘껏 7GB+(지니뮤직 FREE),PL223S409,7GB+최대1Mbps,7GB,7GB+최대1Mbps,1Mbps,무제한,기본제공,"월 35,200원",35200,"혜택가 월 19,000원",19000,유심,true,LTE,"지니뮤직, 매월 g포인트 8,000P",https://www.ktmmobile.com/rate/rateList.do,2026-05-21T09:40:56.284Z
모두다 맘껏 15GB+(지니뮤직 FREE),PL2552580,15GB+최대1Mbps,15GB,15GB+최대1Mbps,1Mbps,무제한,기본제공,"월 48,400원",48400,"혜택가 월 24,200원",24200,유심,true,5G,"지니뮤직, 매월 g포인트 8,000P",https://www.ktmmobile.com/rate/rateList.do,2026-05-21T09:40:56.284Z
모두다 맘껏 10GB+(지니뮤직 FREE),PL2552581,10GB+최대1Mbps,10GB,10GB+최대1Mbps,1Mbps,무제한,기본제공,"월 39,600원",39600,"혜택가 월 21,700원",21700,유심,true,LTE,"지니뮤직, 매월 g포인트 8,000P",https://www.ktmmobile.com/rate/rateList.do,2026-05-21T09:40:56.284Z
모두다 맘껏 100GB+(지니뮤직 FREE),PL2595298,100GB+최대5Mbps,100GB,100GB+최대5Mbps,5Mbps,무제한,기본제공,"월 66,000원",66000,"혜택가 월 41,700원",41700,유심,true,LTE,"지니뮤직, 매월 g포인트 8,000P",https://www.ktmmobile.com/rate/rateList.do,2026-05-21T09:40:56.284Z
5G 모두다 맘껏 110GB+(지니뮤직 FREE),PL228Q684,110GB+최대5Mbps,110GB,110GB+최대5Mbps,5Mbps,무제한,기본제공,"월 57,000원",57000,"혜택가 월 44,200원",44200,유심,true,5G,"지니뮤직, 매월 g포인트 8,000P",https://www.ktmmobile.com/rate/rateList.do,2026-05-21T09:40:56.284Z
5G 모두다 맘껏 200GB+(지니뮤직 FREE),PL228Q688,200GB+최대10Mbps,200GB,200GB+최대10Mbps,10Mbps,무제한,기본제공,"월 79,000원",79000,"혜택가 월 50,400원",50400,유심,true,5G,"지니뮤직, 매월 g포인트 8,000P",https://www.ktmmobile.com/rate/rateList.do,2026-05-21T09:40:56.284Z
모두다 맘껏 11GB+(지니뮤직 FREE),PL222N226,11GB+일2GB+최대3Mbps,11GB+일2GB,11GB+일2GB+최대3Mbps,3Mbps,무제한,기본제공,"월 51,000원",51000,"혜택가 월 36,000원",36000,유심,true,LTE,"지니뮤직, 매월 g포인트 8,000P",https://www.ktmmobile.com/rate/rateList.do,2026-05-21T09:40:56.284Z
데이터 맘껏 15GB+/100분(지니뮤직 FREE),PL222N240,15GB+최대3Mbps,15GB,15GB+최대3Mbps,3Mbps,100분,100건,"월 56,100원",56100,"혜택가 월 28,000원",28000,유심,true,5G,"지니뮤직, 매월 g포인트 8,000P",https://www.ktmmobile.com/rate/rateList.do,2026-05-21T09:40:56.284Z
데이터 맘껏 15GB+/300분(지니뮤직 FREE),PL222N237,15GB+최대3Mbps,15GB,15GB+최대3Mbps,3Mbps,300분,300건,"월 60,500원",60500,"혜택가 월 30,000원",30000,유심,true,5G,"지니뮤직, 매월 g포인트 8,000P",https://www.ktmmobile.com/rate/rateList.do,2026-05-21T09:40:56.284Z
데이터 맘껏 15GB+/100분(멜론 FREE),PL229N987,15GB+최대3Mbps,15GB,15GB+최대3Mbps,3Mbps,100분,100건,"월 56,100원",56100,"혜택가 월 28,900원",28900,유심,true,5G,"멜론, 매월 멜론 캐쉬 6,900P",https://www.ktmmobile.com/rate/rateList.do,2026-05-21T09:40:56.774Z
모두다 맘껏 11GB+(멜론 FREE),PL226T117,11GB+일2GB+최대3Mbps,11GB+일2GB,11GB+일2GB+최대3Mbps,3Mbps,무제한,기본제공,"월 51,000원",51000,"혜택가 월 36,300원",36300,유심,true,LTE,"멜론, 매월 멜론 캐쉬 6,900P",https://www.ktmmobile.com/rate/rateList.do,2026-05-21T09:40:56.774Z
모두다 맘껏 7GB+(후후안심),PL244N969,7GB+최대 1Mbps,7GB,7GB+최대 1Mbps,1Mbps,무제한,기본제공,"월 35,200원",35200,"혜택가 월 16,200원",16200,유심,true,LTE,"후후, 보이스피싱 차단 및 온라인 중고/직거래 사기 피해보상 제공",https://www.ktmmobile.com/rate/rateList.do,2026-05-21T09:40:57.353Z
모두다 맘껏 15GB+(후후안심),PL244N968,15GB+최대 1Mbps,15GB,15GB+최대 1Mbps,1Mbps,무제한,기본제공,"월 48,400원",48400,"혜택가 월 21,400원",21400,유심,true,5G,"후후, 보이스피싱 차단 및 온라인 중고/직거래 사기 피해보상 제공",https://www.ktmmobile.com/rate/rateList.do,2026-05-21T09:40:57.353Z
모두다 맘껏 11GB+(후후안심),PL244N961,11GB+일2GB+최대 3Mbps,11GB+일2GB,11GB+일2GB+최대 3Mbps,3Mbps,무제한,기본제공,"월 51,000원",51000,"혜택가 월 33,000원",33000,유심,true,LTE,"후후, 보이스피싱 차단 및 온라인 중고/직거래 사기 피해보상 제공",https://www.ktmmobile.com/rate/rateList.do,2026-05-21T09:40:57.353Z
시니어 안심 2GB+(후후),PL225K720,2GB+최대400Kbps,2GB,2GB+최대400Kbps,400Kbps,무제한,기본제공,"월 25,000원",25000,"혜택가 월 6,500원",6500,유심,true,LTE,"후후, 보이스피싱 차단 및 온라인 중고/직거래 사기 피해보상 제공",https://www.ktmmobile.com/rate/rateList.do,2026-05-21T09:40:57.353Z
시니어 안심 4GB+(후후),PL22BP533,4GB+최대 400Kbps,4GB,4GB+최대 400Kbps,400Kbps,무제한,기본제공,"월 27,000원",27000,"혜택가 월 7,500원",7500,유심,true,LTE,"후후, 보이스피싱 차단 및 온라인 중고/직거래 사기 피해보상 제공",https://www.ktmmobile.com/rate/rateList.do,2026-05-21T09:40:57.353Z
시니어 모두다 맘껏 4GB+(후후),PL225K721,4GB+최대1Mbps,4GB,4GB+최대1Mbps,1Mbps,무제한,기본제공,"월 28,000원",28000,"혜택가 월 8,500원",8500,유심,true,LTE,"후후, 보이스피싱 차단 및 온라인 중고/직거래 사기 피해보상 제공",https://www.ktmmobile.com/rate/rateList.do,2026-05-21T09:40:57.353Z
시니어 모두다 맘껏 8GB+(후후),PL22BP534,8GB+최대1Mbps,8GB,8GB+최대1Mbps,1Mbps,무제한,기본제공,"월 30,000원",30000,"혜택가 월 12,500원",12500,유심,true,LTE,"후후, 보이스피싱 차단 및 온라인 중고/직거래 사기 피해보상 제공",https://www.ktmmobile.com/rate/rateList.do,2026-05-21T09:40:57.353Z
모두다 맘껏 11GB+(왓챠 베이직),PL21CM708,11GB+일2GB+최대3Mbps,11GB+일2GB,11GB+일2GB+최대3Mbps,3Mbps,무제한,기본제공,"월 55,000원",55000,"혜택가 월 36,000원",36000,유심,true,LTE,"왓챠, 매월 무료 구독권",https://www.ktmmobile.com/rate/rateList.do,2026-05-21T09:40:57.854Z
모두다 맘껏 11GB+(왓챠 프리미엄),PL224Q600,11GB+일2GB+최대3Mbps,11GB+일2GB,11GB+일2GB+최대3Mbps,3Mbps,기본제공,기본제공,"월 60,000원",60000,"혜택가 월 41,000원",41000,유심,true,LTE,"왓챠, 매월 무료 구독권",https://www.ktmmobile.com/rate/rateList.do,2026-05-21T09:40:57.854Z
모두다 맘껏 100GB+(왓챠 베이직),PL224Q599,100GB+최대5Mbps,100GB,100GB+최대5Mbps,5Mbps,기본제공,기본제공,"월 66,000원",66000,"혜택가 월 41,000원",41000,유심,true,LTE,"왓챠, 매월 무료 구독권",https://www.ktmmobile.com/rate/rateList.do,2026-05-21T09:40:57.854Z
모두다 맘껏 100GB+(왓챠 프리미엄),PL224Q602,100GB+최대5Mbps,100GB,100GB+최대5Mbps,5Mbps,기본제공,기본제공,"월 69,000원",69000,"혜택가 월 46,000원",46000,유심,true,LTE,"왓챠, 매월 무료 구독권",https://www.ktmmobile.com/rate/rateList.do,2026-05-21T09:40:57.854Z
모두다 맘껏 일5GB+(왓챠 베이직),PL21CM711,일5GB+최대5Mbps,일5GB,일5GB+최대5Mbps,5Mbps,무제한,기본제공,"월 66,000원",66000,"혜택가 월 41,000원",41000,유심,true,5G,"왓챠, 매월 무료 구독권",https://www.ktmmobile.com/rate/rateList.do,2026-05-21T09:40:57.854Z
모두다 맘껏 일5GB+(왓챠 프리미엄),PL224Q601,일5GB+최대5Mbps,일5GB,일5GB+최대5Mbps,5Mbps,기본제공,기본제공,"월 69,000원",69000,"혜택가 월 46,000원",46000,유심,true,5G,"왓챠, 매월 무료 구독권",https://www.ktmmobile.com/rate/rateList.do,2026-05-21T09:40:57.854Z
모두다 맘껏 11GB+(웨이브 베이직),PL22CM755,11GB+일2GB+최대3Mbps,11GB+일2GB,11GB+일2GB+최대3Mbps,3Mbps,무제한,기본제공,"월 51,000원",51000,"혜택가 월 36,600원",36600,유심,true,LTE,"웨이브, 매월 웨이브 베이직 무료 이용권 제공",https://www.ktmmobile.com/rate/rateList.do,2026-05-21T09:40:58.342Z
모두다 맘껏 100GB+(웨이브 베이직),PL237K286,100GB+최대5Mbps,100GB,100GB+최대5Mbps,5Mbps,무제한,기본제공,"월 66,000원",66000,"혜택가 월 41,700원",41700,유심,true,LTE,"웨이브, 매월 웨이브 베이직 무료 이용권 제공",https://www.ktmmobile.com/rate/rateList.do,2026-05-21T09:40:58.342Z
모두다 맘껏 11GB+(배달의 민족 5000P),PL225K735,11GB+일2GB+최대3Mbps,11GB+일2GB,11GB+일2GB+최대3Mbps,3Mbps,무제한,기본제공,"월 51,000원",51000,"혜택가 월 35,600원",35600,유심,true,LTE,"배달의 민족, 매월 5000P",https://www.ktmmobile.com/rate/rateList.do,2026-05-21T09:40:58.821Z
모두다 맘껏 11GB+(기프티쇼 5000P),PL227R371,11GB+일2GB+최대3Mbps,11GB+일2GB,11GB+일2GB+최대3Mbps,3Mbps,무제한,기본제공,"월 51,000원",51000,"혜택가 월 35,600원",35600,유심,true,LTE,"기프티쇼, 매월 5,000P",https://www.ktmmobile.com/rate/rateList.do,2026-05-21T09:40:59.364Z
데이터 맘껏 15GB+/100분(기프티쇼 5000P),PL227R381,15GB+최대3Mbps,15GB,15GB+최대3Mbps,3Mbps,100분,100건,"월 56,100원",56100,"혜택가 월 27,800원",27800,유심,true,5G,"기프티쇼, 매월 5,000P",https://www.ktmmobile.com/rate/rateList.do,2026-05-21T09:40:59.364Z
데이터 맘껏 15GB+/300분(기프티쇼 5000P),PL227R380,15GB+최대3Mbps,15GB,15GB+최대3Mbps,3Mbps,300분,300건,"월 60,500원",60500,"혜택가 월 29,900원",29900,유심,true,5G,"기프티쇼, 매월 5,000P",https://www.ktmmobile.com/rate/rateList.do,2026-05-21T09:40:59.364Z
구글플레이기프트(15GB+/100분),PL20B9414,15GB+최대3Mbps,15GB,15GB+최대3Mbps,3Mbps,100분,100건,"월 47,300원",47300,"혜택가 월 25,300원",25300,유심,true,5G,"구글플레이, 매월 포인트 10% 할인",https://www.ktmmobile.com/rate/rateList.do,2026-05-21T09:40:59.857Z
구글플레이기프트(11GB+/통화맘껏),PL20B9415,11GB+일2GB+최대3Mbps,11GB+일2GB,11GB+일2GB+최대3Mbps,3Mbps,무제한,기본제공,"월 49,280원",49280,"혜택가 월 33,080원",33080,유심,true,LTE,"구글플레이, 매월 포인트 10% 할인",https://www.ktmmobile.com/rate/rateList.do,2026-05-21T09:40:59.857Z
구글플레이기프트(100GB+/통화맘껏),PL20B9416,100GB+최대5Mbps,100GB,100GB+최대5Mbps,5Mbps,무제한,기본제공,"월 66,000원",66000,"혜택가 월 38,200원",38200,유심,true,LTE,"구글플레이, 매월 포인트 10% 할인",https://www.ktmmobile.com/rate/rateList.do,2026-05-21T09:40:59.857Z
L.POINT 1GB(USIM),KISLIFU01,1GB,1GB,,,30분,30건,"월 9,900원",9900,"혜택가 월 5,500원",5500,유심,true,LTE,"L.POINT, 매월 2,000P",https://www.ktmmobile.com/rate/rateList.do,2026-05-21T09:41:00.341Z
모두다 맘껏 7GB+,PL253A831,7GB+최대1Mbps,7GB,7GB+최대1Mbps,1Mbps,무제한,기본제공,"월 35,200원",35200,"혜택가 월 15,900원",15900,유심,false,LTE,모두다 맘껏,https://www.ktmmobile.com/rate/rateList.do,2026-05-21T09:41:01.233Z
모두다 맘껏 15GB+,PL234L649,15GB+최대1Mbps,15GB,15GB+최대1Mbps,1Mbps,무제한,기본제공,"월 48,400원",48400,"혜택가 월 20,900원",20900,유심,false,LTE,모두다 맘껏,https://www.ktmmobile.com/rate/rateList.do,2026-05-21T09:41:01.233Z
모두다 맘껏 10GB+,PL21CM690,10GB+최대1Mbps,10GB,10GB+최대1Mbps,1Mbps,무제한,기본제공,"월 39,600원",39600,"혜택가 월 18,400원",18400,유심,false,LTE,모두다 맘껏,https://www.ktmmobile.com/rate/rateList.do,2026-05-21T09:41:01.233Z
모두다 맘껏 일 5GB+,PL242G635,일5GB+최대5Mbps,일5GB,일5GB+최대5Mbps,5Mbps,무제한,기본제공,"월 66,000원",66000,"혜택가 월 38,200원",38200,유심,false,LTE,모두다 맘껏,https://www.ktmmobile.com/rate/rateList.do,2026-05-21T09:41:01.233Z
모두다 맘껏 안심+,PL208J931,0GB+최대400Kbps,0GB,0GB+최대400Kbps,400Kbps,무제한,기본제공,"월 20,900원",20900,"혜택가 월 6,400원",6400,유심,false,LTE,모두다 맘껏 안심,https://www.ktmmobile.com/rate/rateList.do,2026-05-21T09:41:01.750Z
모두다 맘껏 안심 1.5GB+,PL202B816,1.5GB+최대400Kbps,1.5GB,1.5GB+최대400Kbps,400Kbps,무제한,기본제공,"월 26,000원",26000,"혜택가 월 6,900원",6900,유심,false,LTE,모두다 맘껏 안심,https://www.ktmmobile.com/rate/rateList.do,2026-05-21T09:41:01.750Z
모두다 맘껏 안심 2.5GB+,PL208J932,2.5GB+최대400Kbps,2.5GB,2.5GB+최대400Kbps,400Kbps,무제한,기본제공,"월 27,500원",27500,"혜택가 월 7,900원",7900,유심,false,LTE,모두다 맘껏 안심,https://www.ktmmobile.com/rate/rateList.do,2026-05-21T09:41:01.751Z
모두다 맘껏 안심 4.5GB+,PL208J933,4.5GB+최대400Kbps,4.5GB,4.5GB+최대400Kbps,400Kbps,무제한,기본제공,"월 30,800원",30800,"혜택가 월 8,900원",8900,유심,false,LTE,모두다 맘껏 안심,https://www.ktmmobile.com/rate/rateList.do,2026-05-21T09:41:01.751Z
모두다 맘껏 안심 6GB+,PL222N233,6GB+최대400Kbps,6GB,6GB+최대400Kbps,400Kbps,무제한,기본제공,"월 33,000원",33000,"혜택가 월 10,900원",10900,유심,false,LTE,모두다 맘껏 안심,https://www.ktmmobile.com/rate/rateList.do,2026-05-21T09:41:01.751Z
모두다 맘껏 안심 8GB+,PL222N234,8GB+최대400Kbps,8GB,8GB+최대400Kbps,400Kbps,무제한,기본제공,"월 35,000원",35000,"혜택가 월 11,900원",11900,유심,false,LTE,모두다 맘껏 안심,https://www.ktmmobile.com/rate/rateList.do,2026-05-21T09:41:01.751Z
모두다 맘껏 안심 10GB+,PL222N235,10GB+최대400Kbps,10GB,10GB+최대400Kbps,400Kbps,무제한,기본제공,"월 37,000원",37000,"혜택가 월 12,900원",12900,유심,false,LTE,모두다 맘껏 안심,https://www.ktmmobile.com/rate/rateList.do,2026-05-21T09:41:01.751Z
모두다 맘껏 안심 15GB+,PL227J333,15GB+최대400Kbps,15GB,15GB+최대400Kbps,400Kbps,무제한,기본제공,"월 40,000원",40000,"혜택가 월 15,900원",15900,유심,false,LTE,모두다 맘껏 안심,https://www.ktmmobile.com/rate/rateList.do,2026-05-21T09:41:01.751Z
모두다 맘껏 안심 20GB+,PL227J334,20GB+최대400Kbps,20GB,20GB+최대400Kbps,400Kbps,무제한,기본제공,"월 43,000원",43000,"혜택가 월 18,900원",18900,유심,false,LTE,모두다 맘껏 안심,https://www.ktmmobile.com/rate/rateList.do,2026-05-21T09:41:01.751Z
모두다 맘껏 실속 7GB+,PL256N805,7GB+최대 1Mbps,7GB,7GB+최대 1Mbps,1Mbps,무제한,기본제공,"월 30,000원",30000,"혜택가 월 15,900원",15900,유심,false,LTE,모두다 맘껏 실속,https://www.ktmmobile.com/rate/rateList.do,2026-05-21T09:41:02.243Z
모두다 맘껏 실속 10GB+,PL256N806,10GB+최대 1Mbps,10GB,10GB+최대 1Mbps,1Mbps,기본제공,기본제공,"월 33,000원",33000,"혜택가 월 18,400원",18400,유심,false,LTE,모두다 맘껏 실속,https://www.ktmmobile.com/rate/rateList.do,2026-05-21T09:41:02.243Z
모두다 맘껏 실속 15GB+,PL2574880,15GB+최대1Mbps,15GB,15GB+최대1Mbps,1Mbps,무제한,기본제공,"월 36,000원",36000,"혜택가 월 20,900원",20900,유심,false,LTE,모두다 맘껏 실속,https://www.ktmmobile.com/rate/rateList.do,2026-05-21T09:41:02.243Z
모두다 맘껏 실속 5GB+,PL2543138,5GB+최대 1Mbps,5GB,5GB+최대 1Mbps,1Mbps,무제한,기본제공,"월 27,000원",27000,"혜택가 월 14,400원",14400,유심,false,LTE,모두다 맘껏 실속,https://www.ktmmobile.com/rate/rateList.do,2026-05-21T09:41:02.243Z
모두다 맘껏 실속 3GB+,PL2543137,3GB+최대 1Mbps,3GB,3GB+최대 1Mbps,1Mbps,무제한,기본제공,"월 25,000원",25000,"혜택가 월 13,400원",13400,유심,false,LTE,모두다 맘껏 실속,https://www.ktmmobile.com/rate/rateList.do,2026-05-21T09:41:02.243Z
통화 맘껏 1.5GB,LTEVCFL15,1.5GB,1.5GB,,,무제한,기본제공,"월 35,300원",35300,"혜택가 월 5,400원",5400,유심,false,LTE,통화 맘껏,https://www.ktmmobile.com/rate/rateList.do,2026-05-21T09:41:02.742Z
통화 맘껏 2.5GB,LTEVCFL25,2.5GB,2.5GB,,,무제한,기본제공,"월 43,500원",43500,"혜택가 월 5,900원",5900,유심,false,LTE,통화 맘껏,https://www.ktmmobile.com/rate/rateList.do,2026-05-21T09:41:02.742Z
통화 맘껏 4.5GB,LTEVCFL45,4.5GB,4.5GB,,,무제한,기본제공,"월 47,500원",47500,"혜택가 월 6,900원",6900,유심,false,LTE,통화 맘껏,https://www.ktmmobile.com/rate/rateList.do,2026-05-21T09:41:02.742Z
통화 맘껏 6.5GB,PL207R824,6.5GB,6.5GB,,,무제한,기본제공,"월 35,000원",35000,"혜택가 월 8,900원",8900,유심,false,LTE,통화 맘껏,https://www.ktmmobile.com/rate/rateList.do,2026-05-21T09:41:02.742Z
통화 맘껏 10GB,PL21CL644,10GB,10GB,,,무제한,기본제공,"월 26,400원",26400,"혜택가 월 11,900원",11900,유심,false,LTE,통화 맘껏,https://www.ktmmobile.com/rate/rateList.do,2026-05-21T09:41:02.742Z
통화 맘껏 15GB,PL21CL645,15GB,15GB,,,무제한,기본제공,"월 31,900원",31900,"혜택가 월 13,900원",13900,유심,false,LTE,통화 맘껏,https://www.ktmmobile.com/rate/rateList.do,2026-05-21T09:41:02.742Z
통화 맘껏 20GB,PL21CL646,20GB,20GB,,,무제한,기본제공,"월 35,200원",35200,"혜택가 월 16,900원",16900,유심,false,LTE,통화 맘껏,https://www.ktmmobile.com/rate/rateList.do,2026-05-21T09:41:02.742Z
초알뜰 1GB/100분,PL212H918,1GB,1GB,,,100분,100건,"월 15,400원",15400,"혜택가 월 2,900원",2900,유심,false,LTE,초알뜰,https://www.ktmmobile.com/rate/rateList.do,2026-05-21T09:41:03.245Z
초알뜰 2GB/100분,PL241F509,2GB,2GB,,,100분,100건,"월 18,500원",18500,"혜택가 월 3,900원",3900,유심,false,LTE,초알뜰,https://www.ktmmobile.com/rate/rateList.do,2026-05-21T09:41:03.245Z
초알뜰 3GB/100분,PL241F510,3GB,3GB,,,100분,100건,"월 20,500원",20500,"혜택가 월 4,900원",4900,유심,false,LTE,초알뜰,https://www.ktmmobile.com/rate/rateList.do,2026-05-21T09:41:03.245Z
시니어 안심 2GB+,PL203D127,2GB+최대400Kbps,2GB,2GB+최대400Kbps,400Kbps,무제한,기본제공,"월 28,000원",28000,"혜택가 월 5,900원",5900,유심,false,LTE,시니어 전용 요금제,https://www.ktmmobile.com/rate/rateList.do,2026-05-21T09:41:03.862Z
시니어 안심 4GB+,PL203D126,4GB+최대400Kbps,4GB,4GB+최대400Kbps,400Kbps,무제한,기본제공,"월 35,000원",35000,"혜택가 월 6,900원",6900,유심,false,LTE,시니어 전용 요금제,https://www.ktmmobile.com/rate/rateList.do,2026-05-21T09:41:03.862Z
시니어 모두다 맘껏 4GB+,PL21CM684,4GB+최대1Mbps,4GB,4GB+최대1Mbps,1Mbps,무제한,기본제공,"월 24,000원",24000,"혜택가 월 7,900원",7900,유심,false,LTE,시니어 전용 요금제,https://www.ktmmobile.com/rate/rateList.do,2026-05-21T09:41:03.862Z
시니어 모두다 맘껏 8GB+,PL21CM685,8GB+최대1Mbps,8GB,8GB+최대1Mbps,1Mbps,무제한,기본제공,"월 30,000원",30000,"혜택가 월 11,900원",11900,유심,false,LTE,시니어 전용 요금제,https://www.ktmmobile.com/rate/rateList.do,2026-05-21T09:41:03.862Z
키즈 안심 2GB+,PL221L933,2GB+최대400Kbps,2GB,2GB+최대400Kbps,400Kbps,무제한,기본제공,"월 20,000원",20000,"혜택가 월 5,900원",5900,유심,false,LTE,키즈 안심 요금제,https://www.ktmmobile.com/rate/rateList.do,2026-05-21T09:41:04.393Z
키즈 안심 4GB+,PL221L934,4GB+최대400Kbps,4GB,4GB+최대400Kbps,400Kbps,무제한,기본제공,"월 22,000원",22000,"혜택가 월 6,900원",6900,유심,false,LTE,키즈 안심 요금제,https://www.ktmmobile.com/rate/rateList.do,2026-05-21T09:41:04.393Z
키즈 안심 8GB+,PL221L935,8GB+최대400Kbps,8GB,8GB+최대400Kbps,400Kbps,무제한,기본제공,"월 28,000원",28000,"혜택가 월 10,900원",10900,유심,false,LTE,키즈 안심 요금제,https://www.ktmmobile.com/rate/rateList.do,2026-05-21T09:41:04.393Z
키즈 안심 10GB+,PL221L936,10GB+최대400Kbps,10GB,10GB+최대400Kbps,400Kbps,무제한,기본제공,"월 30,000원",30000,"혜택가 월 11,900원",11900,유심,false,LTE,키즈 안심 요금제,https://www.ktmmobile.com/rate/rateList.do,2026-05-21T09:41:04.393Z
데이터 충분 6GB/100분,PL247N504,6GB,6GB,,,100분,100건,"월 24,000원",24000,"혜택가 월 6,900원",6900,유심,false,LTE,데이터 충분,https://www.ktmmobile.com/rate/rateList.do,2026-05-21T09:41:04.883Z
데이터 충분 8GB/100분,PL247N506,8GB,8GB,,,100분,100건,"월 26,000원",26000,"혜택가 월 7,900원",7900,유심,false,LTE,데이터 충분,https://www.ktmmobile.com/rate/rateList.do,2026-05-21T09:41:04.883Z
데이터 충분 10GB/100분,PL247N507,10GB,10GB,,,100분,100건,"월 28,000원",28000,"혜택가 월 8,900원",8900,유심,false,LTE,데이터 충분,https://www.ktmmobile.com/rate/rateList.do,2026-05-21T09:41:04.883Z
데이터 충분 15GB/100분,PL247N508,15GB,15GB,,,100분,100건,"월 30,000원",30000,"혜택가 월 12,900원",12900,유심,false,LTE,데이터 충분,https://www.ktmmobile.com/rate/rateList.do,2026-05-21T09:41:04.883Z
데이터 충분 20GB/100분,PL248N666,20GB,20GB,,,100분,100건,"월 33,000원",33000,"혜택가 월 15,900원",15900,유심,false,LTE,데이터 충분,https://www.ktmmobile.com/rate/rateList.do,2026-05-21T09:41:04.883Z
데이터 맘껏 15GB+/300분,PL213Q207,15GB+최대3Mbps,15GB,15GB+최대3Mbps,3Mbps,300분,300건,"월 55,000원",55000,"혜택가 월 27,500원",27500,유심,false,LTE,데이터 맘껏,https://www.ktmmobile.com/rate/rateList.do,2026-05-21T09:41:05.391Z
청소년 모두다 맘껏 안심+,PL24BR138,0GB + 최대 400Kbps,0GB,0GB + 최대 400Kbps,400Kbps,무제한,기본제공,"월 20,900원",20900,"혜택가 월 5,900원",5900,유심,false,LTE,청소년 전용 요금제,https://www.ktmmobile.com/rate/rateList.do,2026-05-21T09:41:05.876Z
청소년 데이터 맘껏 1GB+/300분,PL215K412,1GB+최대1Mbps,1GB,1GB+최대1Mbps,1Mbps,300분,300건,"월 32,000원",32000,"혜택가 월 14,300원",14300,유심,false,LTE,청소년 전용 요금제,https://www.ktmmobile.com/rate/rateList.do,2026-05-21T09:41:05.876Z
데이터 년9GB,KISOC9GBB,9GB(1년 사용),9GB(1년 사용),,,이용불가,수신허용,"월 33,000원",33000,"혜택가 월 29,700원",29700,유심,false,LTE,2nd 디바이스,https://www.ktmmobile.com/rate/rateList.do,2026-05-21T09:41:06.376Z
데이터전용 10GB+,KISSDV10G,10GB+최대200Kbps,10GB,10GB+최대200Kbps,200Kbps,이용불가,이용불가,"월 16,300원",16300,"혜택가 월 10,800원",10800,유심,false,LTE,2nd 디바이스,https://www.ktmmobile.com/rate/rateList.do,2026-05-21T09:41:06.376Z
데이터전용 20GB+,KISSDV20G,20GB+최대200Kbps,20GB,20GB+최대200Kbps,200Kbps,이용불가,이용불가,"월 24,000원",24000,"혜택가 월 14,100원",14100,유심,false,LTE,2nd 디바이스,https://www.ktmmobile.com/rate/rateList.do,2026-05-21T09:41:06.376Z
데이터쉐어링 전용요금제,KISOPMDSB,0MB(쉐어링 사용),0MB(쉐어링 사용),,,이용불가,수신허용,월 0원,0,,,유심,false,LTE,2nd 디바이스,https://www.ktmmobile.com/rate/rateList.do,2026-05-21T09:41:06.376Z
복지 안심 7GB+,PL2595308,7GB+최대 400Kbps,7GB,7GB+최대 400Kbps,400Kbps,+영상/부가통화 30분,기본제공,"월 26,000원",26000,"혜택가 월 9,500원",9500,유심,false,LTE,복지 전용 요금제,https://www.ktmmobile.com/rate/rateList.do,2026-05-21T09:41:06.873Z
복지 안심 5GB+,PL2595307,5GB+최대 400Kbps,5GB,5GB+최대 400Kbps,400Kbps,+영상/부가통화 30분,기본제공,"월 24,000원",24000,"혜택가 월 8,500원",8500,유심,false,LTE,복지 전용 요금제,https://www.ktmmobile.com/rate/rateList.do,2026-05-21T09:41:06.873Z
복지 안심 3GB+,PL2595306,3GB+ 최대 400Kbps,3GB,3GB+ 최대 400Kbps,400Kbps,+영상/부가통화 30분,기본제공,"월 22,000원",22000,"혜택가 월 6,500원",6500,유심,false,LTE,복지 전용 요금제,https://www.ktmmobile.com/rate/rateList.do,2026-05-21T09:41:06.873Z
복지 안심 1GB+,PL2594280,1GB+최대 400Kbps,1GB,1GB+최대 400Kbps,400Kbps,+영상/부가통화 30분,기본제공,"월 20,000원",20000,"혜택가 월 5,500원",5500,유심,false,LTE,복지 전용 요금제,https://www.ktmmobile.com/rate/rateList.do,2026-05-21T09:41:06.873Z
5G 데이터 충분 3GB/200분,PL227J328,3GB,3GB,,,200분,100건,"월 20,000원",20000,"혜택가 월 6,900원",6900,유심,false,5G,5G 데이터 충분,https://www.ktmmobile.com/rate/rateList.do,2026-05-21T09:41:07.594Z
5G 데이터 충분 6GB/200분,PL222N230,6GB,6GB,,,200분,100건,"월 24,000원",24000,"혜택가 월 7,900원",7900,유심,false,5G,5G 데이터 충분,https://www.ktmmobile.com/rate/rateList.do,2026-05-21T09:41:07.594Z
5G 데이터 충분 10GB/200분,PL222N231,10GB,10GB,,,200분,100건,"월 30,000원",30000,"혜택가 월 9,900원",9900,유심,false,5G,5G 데이터 충분,https://www.ktmmobile.com/rate/rateList.do,2026-05-21T09:41:07.594Z
5G 데이터 충분 15GB/200분,PL228Q703,15GB,15GB,,,200분,100건,"월 36,000원",36000,"혜택가 월 13,900원",13900,유심,false,5G,5G 데이터 충분,https://www.ktmmobile.com/rate/rateList.do,2026-05-21T09:41:07.594Z
5G 데이터 충분 20GB/200분,PL22BP536,20GB,20GB,,,200분,100건,"월 40,000원",40000,"혜택가 월 16,900원",16900,유심,false,5G,5G 데이터 충분,https://www.ktmmobile.com/rate/rateList.do,2026-05-21T09:41:07.594Z
LTE 스마트 워치,PL215K418,250MB+최대 200Kbps,250MB,250MB+최대 200Kbps,200Kbps,50분,250건,"월 11,000원",11000,"혜택가 월 7,700원",7700,유심,false,LTE,스마트워치 전용 요금제,https://www.ktmmobile.com/rate/rateList.do,2026-05-21T09:41:08.071Z
LTE 데이터 알뜰 0MB/30분,KISUSEV14,0MB,0MB,,,30분,30건,"월 8,800원",8800,"혜택가 월 8,800원",8800,휴대폰,false,LTE,LTE 단말결합 요금제,https://www.ktmmobile.com/rate/rateList.do,2026-05-21T09:41:08.597Z
LTE 데이터 알뜰 200MB/30분,KISLTEM19,200MB,200MB,,,30분,30건,"월 21,890원",21890,,,휴대폰,false,LTE,LTE 단말결합 요금제,https://www.ktmmobile.com/rate/rateList.do,2026-05-21T09:41:08.597Z
LTE 데이터 알뜰 500MB/30분,KISLTEU18,500MB,500MB,,,30분,30건,"월 18,700원",18700,,,휴대폰,false,LTE,LTE 단말결합 요금제,https://www.ktmmobile.com/rate/rateList.do,2026-05-21T09:41:08.597Z
LTE 데이터 알뜰 500MB/60분,PL209L163,500MB,500MB,,,60분,30건,"월 19,800원",19800,,,휴대폰,false,LTE,LTE 단말결합 요금제,https://www.ktmmobile.com/rate/rateList.do,2026-05-21T09:41:08.597Z
LTE 데이터 실속 3GB/100분,PL243I822,3GB,3GB,,,100분,50건,"월 21,000원",21000,,,휴대폰,false,LTE,LTE 단말결합 요금제,https://www.ktmmobile.com/rate/rateList.do,2026-05-21T09:41:08.597Z
LTE 데이터 실속 5GB/100분,PL243I826,5GB,5GB,,,100분,50건,"월 25,000원",25000,,,휴대폰,false,LTE,LTE 단말결합 요금제,https://www.ktmmobile.com/rate/rateList.do,2026-05-21T09:41:08.597Z
LTE 데이터 맘껏 5GB+/100분,PL227J318,5GB+최대 1Mbps,5GB,5GB+최대 1Mbps,1Mbps,100분,100건,"월 33,000원",33000,,,휴대폰,false,LTE,LTE 단말결합 요금제,https://www.ktmmobile.com/rate/rateList.do,2026-05-21T09:41:08.597Z
LTE 모두다 맘껏 11GB+,KISMFR545,11GB+일2GB+최대3Mbps,11GB+일2GB,11GB+일2GB+최대3Mbps,3Mbps,무제한,기본제공,"월 59,950원",59950,,,휴대폰,false,LTE,LTE 단말결합 요금제,https://www.ktmmobile.com/rate/rateList.do,2026-05-21T09:41:08.597Z
5G 모두다 맘껏 14GB+,M5GSLIMPP,14GB+최대1Mbps,14GB,14GB+최대1Mbps,1Mbps,무제한,기본제공,"월 55,000원",55000,"혜택가 월 32,000원",32000,유심,false,5G,5G 모두다 맘껏,https://www.ktmmobile.com/rate/rateList.do,2026-05-21T09:41:09.207Z
5G 모두다 맘껏 30GB+,PL231V999,30GB+최대1Mbps,30GB,30GB+최대1Mbps,1Mbps,무제한,기본제공,"월 61,000원",61000,"혜택가 월 36,700원",36700,유심,false,5G,5G 모두다 맘껏,https://www.ktmmobile.com/rate/rateList.do,2026-05-21T09:41:09.207Z
5G 모두다 맘껏 50GB+,PL234L658,50GB+최대1Mbps,50GB,50GB+최대1Mbps,1Mbps,무제한,기본제공,"월 63,000원",63000,"혜택가 월 37,900원",37900,유심,false,5G,5G 모두다 맘껏,https://www.ktmmobile.com/rate/rateList.do,2026-05-21T09:41:09.207Z
5G 모두다 맘껏 안심 6GB+,PL219G979,6GB+최대 400Kbps,6GB,6GB+최대 400Kbps,400Kbps,무제한,기본제공,"월 36,000원",36000,"혜택가 월 11,900원",11900,유심,false,5G,5G 모두다 맘껏 안심,https://www.ktmmobile.com/rate/rateList.do,2026-05-21T09:41:09.702Z
5G 모두다 맘껏 안심 8GB+,PL219G980,8GB+최대 400Kbps,8GB,8GB+최대 400Kbps,400Kbps,무제한,기본제공,"월 39,000원",39000,"혜택가 월 12,900원",12900,유심,false,5G,5G 모두다 맘껏 안심,https://www.ktmmobile.com/rate/rateList.do,2026-05-21T09:41:09.702Z
5G 모두다 맘껏 안심 10GB+,PL22BP539,10GB+최대 400Kbps,10GB,10GB+최대 400Kbps,400Kbps,무제한,기본제공,"월 42,000원",42000,"혜택가 월 13,900원",13900,유심,false,5G,5G 모두다 맘껏 안심,https://www.ktmmobile.com/rate/rateList.do,2026-05-21T09:41:09.702Z
5G 모두다 맘껏 안심 15GB+,PL22BP542,15GB+최대 400Kbps,15GB,15GB+최대 400Kbps,400Kbps,무제한,기본제공,"월 46,000원",46000,"혜택가 월 16,900원",16900,유심,false,5G,5G 모두다 맘껏 안심,https://www.ktmmobile.com/rate/rateList.do,2026-05-21T09:41:09.702Z
5G 모두다 맘껏 안심 20GB+,PL22BP541,20GB+최대 400Kbps,20GB,20GB+최대 400Kbps,400Kbps,무제한,기본제공,"월 50,000원",50000,"혜택가 월 19,900원",19900,유심,false,5G,5G 모두다 맘껏 안심,https://www.ktmmobile.com/rate/rateList.do,2026-05-21T09:41:09.702Z
복지 50분/0MB,PL21AT392,0MB,0MB,,,50분,0건,"월 8,800원",8800,,,휴대폰,false,LTE,LTE 복지 전용 요금제,https://www.ktmmobile.com/rate/rateList.do,2026-05-21T09:41:10.182Z
3G 알뜰 30분/0MB,KIS3GSV18,0MB,0MB,,,30분,0건,"월 18,700원",18700,"혜택가 월 18,700원",18700,유심,false,LTE,고객 맞춤 제공 3G 단말결합 요금제,https://www.ktmmobile.com/rate/rateList.do,2026-05-21T09:41:10.686Z
3G 알뜰 100분/30MB,KTIS3GM19,30MB,30MB,,,100분,100건,"월 20,900원",20900,"혜택가 월 20,900원",20900,유심,false,LTE,고객 맞춤 제공 3G 단말결합 요금제,https://www.ktmmobile.com/rate/rateList.do,2026-05-21T09:41:10.686Z
3G 알뜰 180분/30MB,PL209L178,30MB,30MB,,,180분,100건,"월 26,400원",26400,"혜택가 월 26,400원",26400,유심,false,LTE,고객 맞춤 제공 3G 단말결합 요금제,https://www.ktmmobile.com/rate/rateList.do,2026-05-21T09:41:10.686Z
3G 알뜰 통화맘껏/30MB,PL209L179,30MB,30MB,,,무제한,기본제공,"월 34,100원",34100,"혜택가 월 34,100원",34100,유심,false,LTE,고객 맞춤 제공 3G 단말결합 요금제,https://www.ktmmobile.com/rate/rateList.do,2026-05-21T09:41:10.686Z
3G 복지 50분/0MB,KISWLF008,0MB,0MB,,,50분,0건,"월 8,800원",8800,"혜택가 월 8,800원",8800,유심,false,LTE,고객 맞춤 제공 3G 단말결합 요금제,https://www.ktmmobile.com/rate/rateList.do,2026-05-21T09:41:10.686Z
"3G 청소년 안심 10,000",KISBIGI3G,,,,,,,"월 13,200원",13200,"혜택가 월 13,200원",13200,유심,false,LTE,3G 청소년 전용 요금제,https://www.ktmmobile.com/rate/rateList.do,2026-05-21T09:41:11.210Z
3G 청소년 80분/500건,KIS3GFRPS,0MB,0MB,,,80분,500건,"월 17,600원",17600,"혜택가 월 17,600원",17600,유심,false,LTE,3G 청소년 전용 요금제,https://www.ktmmobile.com/rate/rateList.do,2026-05-21T09:41:11.210Z
5G 단말 (2GB/200분),PL21BN496,2GB,2GB,,,200분,100건,"월 21,000원",21000,,,휴대폰,false,5G,5G 요금제,https://www.ktmmobile.com/rate/rateList.do,2026-05-21T09:41:12.317Z
5G 단말 (2GB/통화맘껏),PL218I823,2GB,2GB,,,무제한,기본제공,"월 25,000원",25000,,,휴대폰,false,5G,5G 요금제,https://www.ktmmobile.com/rate/rateList.do,2026-05-21T09:41:12.317Z
5G 단말 (6GB/통화맘껏),PL218I825,6GB,6GB,,,무제한,기본제공,"월 33,000원",33000,,,휴대폰,false,5G,5G 요금제,https://www.ktmmobile.com/rate/rateList.do,2026-05-21T09:41:12.317Z
5G 단말 (1GB/100분),PL21BN495,1GB,1GB,,,100분,100건,"월 19,000원",19000,,,휴대폰,false,5G,5G 요금제,https://www.ktmmobile.com/rate/rateList.do,2026-05-21T09:41:12.317Z
5G 단말 (5GB/200분),PL21BN497,5GB,5GB,,,200분,100건,"월 27,000원",27000,,,휴대폰,false,5G,5G 요금제,https://www.ktmmobile.com/rate/rateList.do,2026-05-21T09:41:12.317Z
5G 단말 (4GB/통화맘껏),PL218I824,4GB,4GB,,,무제한,기본제공,"월 29,000원",29000,,,휴대폰,false,5G,5G 요금제,https://www.ktmmobile.com/rate/rateList.do,2026-05-21T09:41:12.317Z
5G 단말 (14GB+/통화맘껏),PL21AI302,14GB+최대1Mbps,14GB,14GB+최대1Mbps,1Mbps,무제한,기본제공,"월 50,000원",50000,,,휴대폰,false,5G,5G 요금제,https://www.ktmmobile.com/rate/rateList.do,2026-05-21T09:41:12.317Z
5G 단말 (110GB+/통화맘껏),PL21AI303,110GB+최대5Mbps,110GB,110GB+최대5Mbps,5Mbps,무제한,기본제공,"월 69,000원",69000,,,휴대폰,false,5G,5G 요금제,https://www.ktmmobile.com/rate/rateList.do,2026-05-21T09:41:12.317Z
5G 통화 맘껏 3GB,PL226S984,3GB,3GB,,,무제한,기본제공,"월 28,000원",28000,"혜택가 월 6,900원",6900,유심,false,5G,5G 통화 맘껏,https://www.ktmmobile.com/rate/rateList.do,2026-05-21T09:41:12.806Z
5G 통화 맘껏 6GB,PL221L939,6GB,6GB,,,무제한,기본제공,"월 33,000원",33000,"혜택가 월 9,900원",9900,유심,false,5G,5G 통화 맘껏,https://www.ktmmobile.com/rate/rateList.do,2026-05-21T09:41:12.806Z
5G 통화 맘껏 10GB,PL221L940,10GB,10GB,,,무제한,기본제공,"월 42,000원",42000,"혜택가 월 12,900원",12900,유심,false,5G,5G 통화 맘껏,https://www.ktmmobile.com/rate/rateList.do,2026-05-21T09:41:12.806Z
5G 통화 맘껏 15GB,PL226S993,15GB,15GB,,,무제한,기본제공,"월 44,000원",44000,"혜택가 월 14,900원",14900,유심,false,5G,5G 통화 맘껏,https://www.ktmmobile.com/rate/rateList.do,2026-05-21T09:41:12.806Z
5G 통화 맘껏 20GB,PL22BP535,20GB,20GB,,,무제한,기본제공,"월 46,000원",46000,"혜택가 월 17,900원",17900,유심,false,5G,5G 통화 맘껏,https://www.ktmmobile.com/rate/rateList.do,2026-05-21T09:41:12.806Z
e 5G 통화 150분,PL228Q716,0MB,0MB,,,150분,150건,"월 9,900원",9900,"혜택가 월 3,300원",3300,eSIM,false,5G,5G e 요금제,https://www.ktmmobile.com/rate/rateList.do,2026-05-21T09:41:13.303Z
e 5G 통화 300분,PL228Q724,0MB,0MB,,,300분,300건,"월 11,000원",11000,"혜택가 월 6,600원",6600,eSIM,false,5G,5G e 요금제,https://www.ktmmobile.com/rate/rateList.do,2026-05-21T09:41:13.303Z
LTE 시니어 안심 2GB+,PL227J316,2GB+최대400Kbps,2GB,2GB+최대400Kbps,400Kbps,무제한,기본제공,"월 28,000원",28000,,,휴대폰,false,LTE,LTE 시니어 전용 요금제,https://www.ktmmobile.com/rate/rateList.do,2026-05-21T09:41:13.780Z