operator,plan_name,plan_code,data_allowance_raw,data_allowance_normalized,qos_raw,qos_speed,voice_allowance,sms_allowance,base_price_text,base_price,benefit_price_text,benefit_price,plan_type,partnership_flag,network_type,product_group,source_url,collected_at
"","The 착한 데이터 유심 11GB","PDLB000041","11GB+일2GB","11GB+일2GB","11GB+일2GB+3Mbps","3Mbps","무제한","무제한","월 32,990원",32990,"","",["유심"],false,"LTE","LTE USIM 요금제","https://direct.lghellovision.net/rate/rateViewUsim.do","2026-06-01T03:09:08.401Z"
"","DATA 걱정없는 유심 7GB","PDLB000179","7GB","7GB","7GB+2Mbps","2Mbps","무제한","무제한","월 15,900원",15900,"","",["유심"],false,"LTE","LTE USIM 요금제","https://direct.lghellovision.net/rate/rateViewUsim.do","2026-06-01T03:09:08.404Z"
"","DATA 걱정없는 유심 1GB","PDLB000212","1GB","1GB","1GB+2Mbps","2Mbps","무제한","무제한","월 7,500원",7500,"","",["유심"],false,"LTE","LTE USIM 요금제","https://direct.lghellovision.net/rate/rateViewUsim.do","2026-06-01T03:09:08.404Z"
"","쿠폰팩 유심 일5GB","PDLB000328","일5GB","일5GB","일5GB+4Mbps","4Mbps","무제한","무제한","월 41,390원",41390,"","",["유심"],false,"LTE","LTE USIM 요금제","https://direct.lghellovision.net/rate/rateViewUsim.do","2026-06-01T03:09:08.404Z"
"","쿠폰팩 유심 10GB","PDLB000330","10GB","10GB","10GB+2Mbps","2Mbps","무제한","무제한","월 21,300원",21300,"","",["유심"],false,"LTE","LTE USIM 요금제","https://direct.lghellovision.net/rate/rateViewUsim.do","2026-06-01T03:09:08.404Z"
"","쿠폰팩 유심 7GB","PDLB000329","7GB","7GB","7GB+2Mbps","2Mbps","무제한","무제한","월 18,330원",18330,"","",["유심"],false,"LTE","LTE USIM 요금제","https://direct.lghellovision.net/rate/rateViewUsim.do","2026-06-01T03:09:08.404Z"
"","쿠폰팩 유심 11GB","PDLB000332","11GB+일2GB","11GB+일2GB","11GB+일2GB+3Mbps","3Mbps","무제한","무제한","월 35,730원",35730,"","",["유심"],false,"LTE","LTE USIM 요금제","https://direct.lghellovision.net/rate/rateViewUsim.do","2026-06-01T03:09:08.404Z"
"","쿠폰팩 유심 1GB","PDLB000334","1GB","1GB","1GB+2Mbps","2Mbps","무제한","무제한","월 9,900원",9900,"","",["유심"],false,"LTE","LTE USIM 요금제","https://direct.lghellovision.net/rate/rateViewUsim.do","2026-06-01T03:09:08.404Z"
"","쿠폰팩 유심 15GB 100분","PDLB000333","15GB","15GB","15GB+3Mbps","3Mbps","100분","100건","월 31,220원",31220,"","",["유심"],false,"LTE","LTE USIM 요금제","https://direct.lghellovision.net/rate/rateViewUsim.do","2026-06-01T03:09:08.404Z"
"","쿠폰팩 데이터 더주는 유심 7GB","PDLB000337","7GB","7GB","7GB+2Mbps","2Mbps","무제한","무제한","월 19,800원",19800,"","",["유심"],false,"LTE","LTE USIM 요금제","https://direct.lghellovision.net/rate/rateViewUsim.do","2026-06-01T03:09:08.404Z"
"","쿠폰팩 데이터 더주는 유심 11GB","PDLB000340","11GB+일2GB","11GB+일2GB","11GB+일2GB+3Mbps","3Mbps","무제한","무제한","월 37,330원",37330,"","",["유심"],false,"LTE","LTE USIM 요금제","https://direct.lghellovision.net/rate/rateViewUsim.do","2026-06-01T03:09:08.404Z"
"","쿠폰팩 데이터 더주는 유심 일5GB","PDLB000336","일5GB","일5GB","일5GB+4Mbps","4Mbps","무제한","무제한","월 43,050원",43050,"","",["유심"],false,"LTE","LTE USIM 요금제","https://direct.lghellovision.net/rate/rateViewUsim.do","2026-06-01T03:09:08.404Z"
"","쿠폰팩 데이터 더주는 유심 10GB","PDLB000338","10GB","10GB","10GB+2Mbps","2Mbps","무제한","무제한","월 22,900원",22900,"","",["유심"],false,"LTE","LTE USIM 요금제","https://direct.lghellovision.net/rate/rateViewUsim.do","2026-06-01T03:09:08.404Z"
"","데이터 더주는 유심 7GB","PDLB000314","7GB","7GB","7GB+2Mbps","2Mbps","무제한","무제한","월 17,400원",17400,"","",["유심"],false,"LTE","LTE USIM 요금제","https://direct.lghellovision.net/rate/rateViewUsim.do","2026-06-01T03:09:08.404Z"
"","데이터 더주는 유심 11GB","PDLB000317","11GB+일2GB","11GB+일2GB","11GB+일2GB+3Mbps","3Mbps","무제한","무제한","월 34,930원",34930,"","",["유심"],false,"LTE","LTE USIM 요금제","https://direct.lghellovision.net/rate/rateViewUsim.do","2026-06-01T03:09:08.404Z"
"","데이터 더주는 유심 15GB 100분","PDLB000318","15GB","15GB","15GB+3Mbps","3Mbps","100분","100건","월 29,900원",29900,"","",["유심"],false,"LTE","LTE USIM 요금제","https://direct.lghellovision.net/rate/rateViewUsim.do","2026-06-01T03:09:08.404Z"
"","쿠폰팩 유심 5GB","PDLB000375","5GB","5GB","5GB+2Mbps","2Mbps","무제한","무제한","월 19,200원",19200,"","",["유심"],false,"LTE","LTE USIM 요금제","https://direct.lghellovision.net/rate/rateViewUsim.do","2026-06-01T03:09:08.404Z"
"","쿠폰팩 유심 15GB","PDLB000331","15GB","15GB","15GB+2Mbps","2Mbps","무제한","무제한","월 23,350원",23350,"","",["유심"],false,"LTE","LTE USIM 요금제","https://direct.lghellovision.net/rate/rateViewUsim.do","2026-06-01T03:09:08.404Z"
"","쿠폰팩 데이터 더주는 유심 15GB","PDLB000339","15GB","15GB","15GB+2Mbps","2Mbps","무제한","무제한","월 24,800원",24800,"","",["유심"],false,"LTE","LTE USIM 요금제","https://direct.lghellovision.net/rate/rateViewUsim.do","2026-06-01T03:09:08.404Z"
"","DATA 걱정없는 유심 일5GB","PDLB000122","일5GB","일5GB","일5GB+4Mbps","4Mbps","무제한","무제한","월 38,990원",38990,"","",["유심"],false,"LTE","LTE USIM 요금제","https://direct.lghellovision.net/rate/rateViewUsim.do","2026-06-01T03:09:08.404Z"
"","슬림 유심 500MB 50분","PDLB000042","500GB","500GB","","","50분","50건","월 1,700원",1700,"","",["유심"],false,"LTE","LTE USIM 요금제","https://direct.lghellovision.net/rate/rateViewUsim.do","2026-06-01T03:09:08.404Z"
"","슬림 유심 1GB 100분","PDLB000045","1GB","1GB","","","100분","50건","월 2,700원",2700,"","",["유심"],false,"LTE","LTE USIM 요금제","https://direct.lghellovision.net/rate/rateViewUsim.do","2026-06-01T03:09:08.404Z"
"","슬림 유심 2GB 200분","PDLB000049","2GB","2GB","","","200분","150건","월 3,700원",3700,"","",["유심"],false,"LTE","LTE USIM 요금제","https://direct.lghellovision.net/rate/rateViewUsim.do","2026-06-01T03:09:08.404Z"
"","슬림 유심 1GB 50분","PDLB000044","1GB","1GB","","","50분","기본제공","월 4,450원",4450,"","",["유심"],false,"LTE","LTE USIM 요금제","https://direct.lghellovision.net/rate/rateViewUsim.do","2026-06-01T03:09:08.404Z"
"","The 착한 데이터 유심 0GB","PDLB000326","","","","","무제한","무제한","월 4,900원",4900,"","",["유심"],false,"LTE","LTE USIM 요금제","https://direct.lghellovision.net/rate/rateViewUsim.do","2026-06-01T03:09:08.404Z"
"","CU 유심 1.5GB 150분","PDLB000061","1.5GB","1.5GB","","","150분","150건","월 5,900원",5900,"","",["유심"],false,"LTE","LTE USIM 요금제","https://direct.lghellovision.net/rate/rateViewUsim.do","2026-06-01T03:09:08.404Z"
"","The 착한 데이터 유심 1.3GB","PDLB000037","1.3GB","1.3GB","","","무제한","무제한","월 6,300원",6300,"","",["유심"],false,"LTE","LTE USIM 요금제","https://direct.lghellovision.net/rate/rateViewUsim.do","2026-06-01T03:09:08.404Z"
"","청소년 안심유심 1GB","PDLB000305","1GB","1GB","1GB+2Mbps","2Mbps","무제한","무제한","월 6,900원",6900,"","",["유심"],false,"LTE","LTE USIM 요금제","https://direct.lghellovision.net/rate/rateViewUsim.do","2026-06-01T03:09:08.404Z"
"","토이저러스 키즈 유심 100MB","PDLB000109","100GB","100GB","100GB+1Mbps","1Mbps","50분","100건","월 7,260원",7260,"","",["유심"],false,"LTE","LTE USIM 요금제","https://direct.lghellovision.net/rate/rateViewUsim.do","2026-06-01T03:09:08.404Z"
"","청소년 안심유심 1GB 100분","PDLB000306","1GB","1GB","1GB+2Mbps","2Mbps","100분","100건","월 7,500원",7500,"","",["유심"],false,"LTE","LTE USIM 요금제","https://direct.lghellovision.net/rate/rateViewUsim.do","2026-06-01T03:09:08.404Z"
"","보편 안심 유심 1GB 100분","PDLB000216","1GB","1GB","1GB+2Mbps","2Mbps","100분","100건","월 7,900원",7900,"","",["유심"],false,"LTE","LTE USIM 요금제","https://direct.lghellovision.net/rate/rateViewUsim.do","2026-06-01T03:09:08.404Z"
"","청소년 안심유심 5GB","PDLB000382","5GB","5GB","5GB+2Mbps","2Mbps","무제한","무제한","월 7,900원",7900,"","",["유심"],false,"LTE","LTE USIM 요금제","https://direct.lghellovision.net/rate/rateViewUsim.do","2026-06-01T03:09:08.404Z"
"","5G 유심 6GB 200분","PDLB000231","6GB","6GB","","","200분","100건","월 7,900원",7900,"","",["유심"],false,"5G","5G USIM 요금제","https://direct.lghellovision.net/rate/rateViewUsim.do","2026-06-01T03:09:08.404Z"
"","The 착한 데이터 유심 2.5GB","PDLB000221","2.5GB","2.5GB","","","무제한","무제한","월 7,950원",7950,"","",["유심"],false,"LTE","LTE USIM 요금제","https://direct.lghellovision.net/rate/rateViewUsim.do","2026-06-01T03:09:08.404Z"
"","5G 유심 통화 맘편히 3GB","PDLB000198","3GB","3GB","","","무제한","무제한","월 7,990원",7990,"","",["유심"],false,"5G","5G USIM 요금제","https://direct.lghellovision.net/rate/rateViewUsim.do","2026-06-01T03:09:08.404Z"
"","보편 유심 3.5GB 150분","PDLB000050","3.5GB","3.5GB","","","150분","100건","월 8,500원",8500,"","",["유심"],false,"LTE","LTE USIM 요금제","https://direct.lghellovision.net/rate/rateViewUsim.do","2026-06-01T03:09:08.404Z"
"","LTE 유심 복지 3.5GB 150분","PDLB000237","3.5GB","3.5GB","","","150분","100건","월 8,500원",8500,"","",["유심"],false,"LTE","LTE USIM 요금제","https://direct.lghellovision.net/rate/rateViewUsim.do","2026-06-01T03:09:08.404Z"
"","슬림 안심 유심 1GB 100분","PDLB000126","1GB","1GB","1GB+1Mbps","1Mbps","100분","50건","월 8,800원",8800,"","",["유심"],false,"LTE","LTE USIM 요금제","https://direct.lghellovision.net/rate/rateViewUsim.do","2026-06-01T03:09:08.404Z"
"","The 착한 데이터 유심 3.6GB","PDLB000038","3.6GB","3.6GB","","","무제한","무제한","월 8,950원",8950,"","",["유심"],false,"LTE","LTE USIM 요금제","https://direct.lghellovision.net/rate/rateViewUsim.do","2026-06-01T03:09:08.404Z"
"","보편 유심 5GB 100분","PDLB000123","5GB","5GB","","","100분","50건","월 9,500원",9500,"","",["유심"],false,"LTE","LTE USIM 요금제","https://direct.lghellovision.net/rate/rateViewUsim.do","2026-06-01T03:09:08.404Z"
"","보편 유심 5GB 200분","PDLB000054","5GB","5GB","","","200분","100건","월 9,900원",9900,"","",["유심"],false,"LTE","LTE USIM 요금제","https://direct.lghellovision.net/rate/rateViewUsim.do","2026-06-01T03:09:08.404Z"
"","5G 유심 10GB 200분","PDLB000232","10GB","10GB","","","200분","100건","월 9,900원",9900,"","",["유심"],false,"5G","5G USIM 요금제","https://direct.lghellovision.net/rate/rateViewUsim.do","2026-06-01T03:09:08.404Z"
"","슬림 안심 유심 2.5GB 200분","PDLB000219","2.5GB","2.5GB","2.5GB+2Mbps","2Mbps","200분","100건","월 10,500원",10500,"","",["유심"],false,"LTE","LTE USIM 요금제","https://direct.lghellovision.net/rate/rateViewUsim.do","2026-06-01T03:09:08.404Z"
"","데이터 유심 10GB","PDLB000071","10GB","10GB","","","기본제공","기본제공","월 10,780원",10780,"","",["유심"],false,"LTE","LTE USIM 패드 요금제","https://direct.lghellovision.net/rate/rateViewUsim.do","2026-06-01T03:09:08.404Z"
"","5G 유심 통화 맘편히 6GB","PDLB000199","6GB","6GB","","","무제한","무제한","월 11,950원",11950,"","",["유심"],false,"5G","5G USIM 요금제","https://direct.lghellovision.net/rate/rateViewUsim.do","2026-06-01T03:09:08.404Z"
"","보편 안심 유심 3GB 200분","PDLB000052","3GB","3GB","3GB+1Mbps","1Mbps","200분","100건","월 12,500원",12500,"","",["유심"],false,"LTE","LTE USIM 요금제","https://direct.lghellovision.net/rate/rateViewUsim.do","2026-06-01T03:09:08.404Z"
"","청소년 안심유심 4.5GB","PDLB000304","4.5GB","4.5GB","4.5GB+2Mbps","2Mbps","무제한","무제한","월 12,900원",12900,"","",["유심"],false,"LTE","LTE USIM 요금제","https://direct.lghellovision.net/rate/rateViewUsim.do","2026-06-01T03:09:08.404Z"
"","슬림 안심 유심 2.5GB 250분","PDLB000220","2.5GB","2.5GB","2.5GB+2Mbps","2Mbps","250분","250건","월 13,200원",13200,"","",["유심"],false,"LTE","LTE USIM 요금제","https://direct.lghellovision.net/rate/rateViewUsim.do","2026-06-01T03:09:08.404Z"
"","유심 시니어 통화 데이터 넉넉히 2GB","PDLB000175","2GB","2GB","2GB+1Mbps","1Mbps","무제한","무제한","월 13,200원",13200,"","",["유심"],false,"LTE","LTE USIM 요금제","https://direct.lghellovision.net/rate/rateViewUsim.do","2026-06-01T03:09:08.404Z"
"","시니어 안심보험 유심 4GB","PDLB000380","4GB","4GB","4GB+2Mbps","2Mbps","무제한","무제한","월 13,500원",13500,"","",["유심"],false,"LTE","LTE USIM 요금제","https://direct.lghellovision.net/rate/rateViewUsim.do","2026-06-01T03:09:08.404Z"
"","보편 안심 유심 5GB 100분","PDLB000217","5GB","5GB","5GB+2Mbps","2Mbps","100분","100건","월 13,500원",13500,"","",["유심"],false,"LTE","LTE USIM 요금제","https://direct.lghellovision.net/rate/rateViewUsim.do","2026-06-01T03:09:08.404Z"
"","보편 안심 유심 5GB 200분","PDLB000177","5GB","5GB","5GB+2Mbps","2Mbps","200분","100건","월 13,900원",13900,"","",["유심"],false,"LTE","LTE USIM 요금제","https://direct.lghellovision.net/rate/rateViewUsim.do","2026-06-01T03:09:08.404Z"
"","데이터 유심 20GB","PDLB000072","20GB","20GB","","","기본제공","기본제공","월 14,080원",14080,"","",["유심"],false,"LTE","LTE USIM 패드 요금제","https://direct.lghellovision.net/rate/rateViewUsim.do","2026-06-01T03:09:08.404Z"
"","DATA 걱정없는 유심 5GB","PDLB000213","5GB","5GB","5GB+2Mbps","2Mbps","무제한","무제한","월 14,400원",14400,"","",["유심"],false,"LTE","LTE USIM 요금제","https://direct.lghellovision.net/rate/rateViewUsim.do","2026-06-01T03:09:08.404Z"
"","5G 유심 통화 맘편히 9GB","PDLB000200","9GB","9GB","","","무제한","무제한","월 14,500원",14500,"","",["유심"],false,"5G","5G USIM 요금제","https://direct.lghellovision.net/rate/rateViewUsim.do","2026-06-01T03:09:08.404Z"
"","5G 유심 15GB 200분","PDLB000233","15GB","15GB","","","200분","100건","월 14,900원",14900,"","",["유심"],false,"5G","5G USIM 요금제","https://direct.lghellovision.net/rate/rateViewUsim.do","2026-06-01T03:09:08.404Z"
"","DATA 걱정없는 유심 4.5GB","PDLB000178","4.5GB","4.5GB","4.5GB+2Mbps","2Mbps","무제한","무제한","월 15,000원",15000,"","",["유심"],false,"LTE","LTE USIM 요금제","https://direct.lghellovision.net/rate/rateViewUsim.do","2026-06-01T03:09:08.404Z"
"","보편 안심 유심 6GB 200분","PDLB000218","6GB","6GB","6GB+2Mbps","2Mbps","200분","100건","월 15,200원",15200,"","",["유심"],false,"LTE","LTE USIM 요금제","https://direct.lghellovision.net/rate/rateViewUsim.do","2026-06-01T03:09:08.404Z"
"","토이저러스 키즈 유심 2.5GB","PDLB000108","2.5GB","2.5GB","2.5GB+1Mbps","1Mbps","100분","100건","월 15,290원",15290,"","",["유심"],false,"LTE","LTE USIM 요금제","https://direct.lghellovision.net/rate/rateViewUsim.do","2026-06-01T03:09:08.404Z"
"","안심보험 유심 5GB","PDLB000377","5GB","5GB","5GB+2Mbps","2Mbps","무제한","무제한","월 15,400원",15400,"","",["유심"],false,"LTE","LTE USIM 요금제","https://direct.lghellovision.net/rate/rateViewUsim.do","2026-06-01T03:09:08.404Z"
"","청소년 안심 유심 27","PDLB000068","750GB","750GB","750GB+1Mbps","1Mbps","무제한","무제한","월 16,500원",16500,"","",["유심"],false,"LTE","LTE USIM 요금제","https://direct.lghellovision.net/rate/rateViewUsim.do","2026-06-01T03:09:08.404Z"
"","The 착한 데이터 유심 9GB 3000분","PDLB000222","9GB","9GB","","","3000분","1000건","월 16,900원",16900,"","",["유심"],false,"LTE","LTE USIM 요금제","https://direct.lghellovision.net/rate/rateViewUsim.do","2026-06-01T03:09:08.404Z"
"","DATA 걱정없는 유심 6GB","PDLB000214","6GB","6GB","6GB+2Mbps","2Mbps","무제한","무제한","월 16,900원",16900,"","",["유심"],false,"LTE","LTE USIM 요금제","https://direct.lghellovision.net/rate/rateViewUsim.do","2026-06-01T03:09:08.405Z"
"","5G유심 15GB 300분","PDLB000388","15GB","15GB","","","300분","300건","월 16,900원",16900,"","",["유심"],false,"5G","5G USIM 요금제","https://direct.lghellovision.net/rate/rateViewUsim.do","2026-06-01T03:09:08.405Z"
"","안심보험 유심 7GB","PDLB000376","7GB","7GB","7GB+2Mbps","2Mbps","무제한","무제한","월 17,300원",17300,"","",["유심"],false,"LTE","LTE USIM 요금제","https://direct.lghellovision.net/rate/rateViewUsim.do","2026-06-01T03:09:08.405Z"
"","쿠폰팩 유심 4.5GB","PDLB000335","4.5GB","4.5GB","4.5GB+2Mbps","2Mbps","무제한","무제한","월 17,900원",17900,"","",["유심"],false,"LTE","LTE USIM 요금제","https://direct.lghellovision.net/rate/rateViewUsim.do","2026-06-01T03:09:08.405Z"
"","보편 안심 유심 10GB 100분","PDLB000215","10GB","10GB","10GB+2Mbps","2Mbps","100분","100건","월 18,500원",18500,"","",["유심"],false,"LTE","LTE USIM 요금제","https://direct.lghellovision.net/rate/rateViewUsim.do","2026-06-01T03:09:08.405Z"
"","유심 시니어 통화 데이터 넉넉히 4GB","PDLB000176","4GB","4GB","4GB+1Mbps","1Mbps","무제한","무제한","월 18,700원",18700,"","",["유심"],false,"LTE","LTE USIM 요금제","https://direct.lghellovision.net/rate/rateViewUsim.do","2026-06-01T03:09:08.405Z"
"","DATA 걱정없는 유심 10GB","PDLB000255","10GB","10GB","10GB+2Mbps","2Mbps","무제한","무제한","월 18,900원",18900,"","",["유심"],false,"LTE","LTE USIM 요금제","https://direct.lghellovision.net/rate/rateViewUsim.do","2026-06-01T03:09:08.405Z"
"","보편 안심 유심 10GB 200분","PDLB000174","10GB","10GB","10GB+2Mbps","2Mbps","200분","100건","월 18,900원",18900,"","",["유심"],false,"LTE","LTE USIM 요금제","https://direct.lghellovision.net/rate/rateViewUsim.do","2026-06-01T03:09:08.405Z"
"","5G 라이트 유심 15GB 300분","PDLB000387","15GB","15GB","15GB+2Mbps","2Mbps","300분","300건","월 19,900원",19900,"","",["유심"],false,"5G","5G USIM 요금제","https://direct.lghellovision.net/rate/rateViewUsim.do","2026-06-01T03:09:08.405Z"
"","데이터 더주는 유심 10GB","PDLB000315","10GB","10GB","10GB+2Mbps","2Mbps","무제한","무제한","월 20,500원",20500,"","",["유심"],false,"LTE","LTE USIM 요금제","https://direct.lghellovision.net/rate/rateViewUsim.do","2026-06-01T03:09:08.405Z"
"","DATA 걱정없는 유심 15GB","PDLB000293","15GB","15GB","15GB+2Mbps","2Mbps","무제한","무제한","월 20,950원",20950,"","",["유심"],false,"LTE","LTE USIM 요금제","https://direct.lghellovision.net/rate/rateViewUsim.do","2026-06-01T03:09:08.405Z"
"","데이터 더주는 유심 15GB","PDLB000316","15GB","15GB","15GB+2Mbps","2Mbps","무제한","무제한","월 22,400원",22400,"","",["유심"],false,"LTE","LTE USIM 요금제","https://direct.lghellovision.net/rate/rateViewUsim.do","2026-06-01T03:09:08.405Z"
"","DATA 걱정없는 유심 2.5GB","PDLB000119","2.5GB","2.5GB","2.5GB+1Mbps","1Mbps","무제한","무제한","월 25,100원",25100,"","",["유심"],false,"LTE","LTE USIM 요금제","https://direct.lghellovision.net/rate/rateViewUsim.do","2026-06-01T03:09:08.405Z"
"","보편 안심 유심 15GB 100분","PDLB000060","15GB","15GB","15GB+3Mbps","3Mbps","100분","100건","월 28,820원",28820,"","",["유심"],false,"LTE","LTE USIM 요금제","https://direct.lghellovision.net/rate/rateViewUsim.do","2026-06-01T03:09:08.405Z"
"","보편 안심 유심 15GB 180분","PDLB000301","15GB","15GB","15GB+3Mbps","3Mbps","180분","100건","월 30,800원",30800,"","",["유심"],false,"LTE","LTE USIM 요금제","https://direct.lghellovision.net/rate/rateViewUsim.do","2026-06-01T03:09:08.405Z"
"","보편 안심 유심 15GB 300분","PDLB000302","15GB","15GB","15GB+3Mbps","3Mbps","300분","300건","월 31,900원",31900,"","",["유심"],false,"LTE","LTE USIM 요금제","https://direct.lghellovision.net/rate/rateViewUsim.do","2026-06-01T03:09:08.405Z"
"","쿠폰팩 데이터 더주는 유심 15GB 100분","PDLB000341","15GB","15GB","15GB+3Mbps","3Mbps","100분","100건","월 32,300원",32300,"","",["유심"],false,"LTE","LTE USIM 요금제","https://direct.lghellovision.net/rate/rateViewUsim.do","2026-06-01T03:09:08.405Z"
"","[혜택형] The 착한 데이터 유심 11GB","PDLB000392","11GB+일2GB","11GB+일2GB","11GB+일2GB+3Mbps","3Mbps","무제한","무제한","월 32,990원",32990,"","",["유심"],false,"LTE","LTE USIM 요금제","https://direct.lghellovision.net/rate/rateViewUsim.do","2026-06-01T03:09:08.405Z"
"","5G 라이트 유심 12GB","PDLB000190","12GB","12GB","12GB+2Mbps","2Mbps","무제한","무제한","월 33,900원",33900,"","",["유심"],false,"5G","5G USIM 요금제","https://direct.lghellovision.net/rate/rateViewUsim.do","2026-06-01T03:09:08.405Z"
"","5G 라이트 유심 14GB","PDLB000303","14GB","14GB","14GB+2Mbps","2Mbps","무제한","무제한","월 36,300원",36300,"","",["유심"],false,"5G","5G USIM 요금제","https://direct.lghellovision.net/rate/rateViewUsim.do","2026-06-01T03:09:08.405Z"
"","[혜택형] DATA 걱정없는 유심 100GB","PDLB000391","100GB","100GB","100GB+4Mbps","4Mbps","무제한","무제한","월 38,200원",38200,"","",["유심"],false,"LTE","LTE USIM 요금제","https://direct.lghellovision.net/rate/rateViewUsim.do","2026-06-01T03:09:08.405Z"
"","DATA 걱정없는 유심 100GB","PDLB000372","100GB","100GB","100GB+4Mbps","4Mbps","무제한","무제한","월 38,200원",38200,"","",["유심"],false,"LTE","LTE USIM 요금제","https://direct.lghellovision.net/rate/rateViewUsim.do","2026-06-01T03:09:08.405Z"
"","5G 유심 중간요금제 50GB","PDLB000267","50GB","50GB","50GB+2Mbps","2Mbps","무제한","무제한","월 38,500원",38500,"","",["유심"],false,"5G","5G USIM 요금제","https://direct.lghellovision.net/rate/rateViewUsim.do","2026-06-01T03:09:08.405Z"
"","[혜택형] DATA 걱정없는 유심 일5GB","PDLB000390","일5GB","일5GB","일5GB+4Mbps","4Mbps","무제한","무제한","월 38,990원",38990,"","",["유심"],false,"LTE","LTE USIM 요금제","https://direct.lghellovision.net/rate/rateViewUsim.do","2026-06-01T03:09:08.405Z"
"","5G 유심 중간요금제 31GB","PDLB000266","31GB","31GB","31GB+2Mbps","2Mbps","무제한","무제한","월 39,600원",39600,"","",["유심"],false,"5G","5G USIM 요금제","https://direct.lghellovision.net/rate/rateViewUsim.do","2026-06-01T03:09:08.405Z"
"","데이터 더주는 유심 일5GB","PDLB000313","일5GB","일5GB","일5GB+4Mbps","4Mbps","무제한","무제한","월 40,650원",40650,"","",["유심"],false,"LTE","LTE USIM 요금제","https://direct.lghellovision.net/rate/rateViewUsim.do","2026-06-01T03:09:08.405Z"
"","5G 유심 중간요금제 80GB","PDLB000268","80GB","80GB","80GB+2Mbps","2Mbps","무제한","무제한","월 42,680원",42680,"","",["유심"],false,"5G","5G USIM 요금제","https://direct.lghellovision.net/rate/rateViewUsim.do","2026-06-01T03:09:08.405Z"
"","[혜택형] 5G 유심 중간요금제 125GB","PDLB000394","125GB","125GB","125GB+4Mbps","4Mbps","무제한","무제한","월 43,000원",43000,"","",["유심"],false,"5G","5G USIM 요금제","https://direct.lghellovision.net/rate/rateViewUsim.do","2026-06-01T03:09:08.405Z"
"","5G 유심 중간요금제 125GB","PDLB000270","125GB","125GB","125GB+4Mbps","4Mbps","무제한","무제한","월 43,000원",43000,"","",["유심"],false,"5G","5G USIM 요금제","https://direct.lghellovision.net/rate/rateViewUsim.do","2026-06-01T03:09:08.405Z"
"","[혜택형] 5G 유심 중간요금제 95GB","PDLB000393","95GB","95GB","95GB+3Mbps","3Mbps","무제한","무제한","월 44,000원",44000,"","",["유심"],false,"5G","5G USIM 요금제","https://direct.lghellovision.net/rate/rateViewUsim.do","2026-06-01T03:09:08.405Z"
"","5G 유심 중간요금제 95GB","PDLB000269","95GB","95GB","95GB+3Mbps","3Mbps","무제한","무제한","월 44,000원",44000,"","",["유심"],false,"5G","5G USIM 요금제","https://direct.lghellovision.net/rate/rateViewUsim.do","2026-06-01T03:09:08.405Z"
"","[혜택형] 5G 스탠다드 유심 150GB","PDLB000395","150GB","150GB","150GB+4Mbps","4Mbps","무제한","무제한","월 49,900원",49900,"","",["유심"],false,"5G","5G USIM 요금제","https://direct.lghellovision.net/rate/rateViewUsim.do","2026-06-01T03:09:08.405Z"
"","5G 스탠다드 유심 150GB","PDLB000191","150GB","150GB","150GB+4Mbps","4Mbps","무제한","무제한","월 49,900원",49900,"","",["유심"],false,"5G","5G USIM 요금제","https://direct.lghellovision.net/rate/rateViewUsim.do","2026-06-01T03:09:08.405Z"
"","5G 스페셜 유심 180GB","PDLB000030","180GB","180GB","180GB+5Mbps","5Mbps","무제한","무제한","월 55,000원",55000,"","",["유심"],false,"5G","5G USIM 요금제","https://direct.lghellovision.net/rate/rateViewUsim.do","2026-06-01T03:09:08.405Z"
"","사과 5G 스페셜 유심 180GB","PDLB000151","180GB","180GB","180GB+5Mbps","5Mbps","무제한","무제한","월 60,500원",60500,"","",["유심"],false,"5G","5G USIM 요금제","https://direct.lghellovision.net/rate/rateViewUsim.do","2026-06-01T03:09:08.405Z"
"","LTE USIM 표준","PDB0000074","","","","","기본제공","기본제공","월 9,790원",9790,"","",["유심"],false,"LTE","LTE USIM 요금제","https://direct.lghellovision.net/rate/rateViewUsim.do","2026-06-01T03:09:08.487Z"
"","The 착한 데이터 USIM 15GB","PDB0000089","15GB+일2GB","15GB+일2GB","15GB+일2GB+3Mbps","3Mbps","무제한","무제한","월 54,890원",54890,"","",["유심"],false,"LTE","LTE USIM 요금제","https://direct.lghellovision.net/rate/rateViewUsim.do","2026-06-01T03:09:08.487Z"
"","헬로 패드 USIM 2GB","PDB0000149","2GB","2GB","","","기본제공","기본제공","월 14,300원",14300,"","",["유심"],false,"LTE","LTE USIM 패드 요금제","https://direct.lghellovision.net/rate/rateViewUsim.do","2026-06-01T03:09:08.487Z"
"","CU USIM 10GB 100분","PDB0000194","10GB","10GB","","","100분","100건","월 20,900원",20900,"","",["유심"],false,"LTE","LTE USIM 요금제","https://direct.lghellovision.net/rate/rateViewUsim.do","2026-06-01T03:09:08.487Z"
"","데이터 걱정없는 USIM 100GB","PDB0000260","100GB","100GB","100GB+4Mbps","4Mbps","무제한","무제한","월 41,500원",41500,"","",["유심"],false,"LTE","LTE USIM 요금제","https://direct.lghellovision.net/rate/rateViewUsim.do","2026-06-01T03:09:08.487Z"
"","착한 페이백 데이터 USIM 2GB","PDB0000132","2GB","2GB","","","무제한","무제한","월 35,900원",35900,"","",["유심"],false,"LTE","LTE USIM 요금제","https://direct.lghellovision.net/rate/rateViewUsim.do","2026-06-01T03:09:08.487Z"
"","조건없는 USIM LTE 수다 1.5GB","PDB0000117","1.5GB","1.5GB","","","185분","무제한","월 25,300원",25300,"","",["유심"],false,"LTE","LTE USIM 요금제","https://direct.lghellovision.net/rate/rateViewUsim.do","2026-06-01T03:09:08.487Z"
"","보편 USIM 10GB","PDB0000159","10GB","10GB","","","100분","100건","월 20,900원",20900,"","",["유심"],false,"LTE","LTE USIM 요금제","https://direct.lghellovision.net/rate/rateViewUsim.do","2026-06-01T03:09:08.487Z"
"","The 착한 데이터 USIM 6GB","PDB0000087","6GB","6GB","","","무제한","무제한","월 29,700원",29700,"","",["유심"],false,"LTE","LTE USIM 요금제","https://direct.lghellovision.net/rate/rateViewUsim.do","2026-06-01T03:09:08.487Z"
"","데이터 걱정없는 USIM 3GB","PDB0000261","3GB","3GB","3GB+2Mbps","2Mbps","무제한","무제한","월 25,950원",25950,"","",["유심"],false,"LTE","LTE USIM 요금제","https://direct.lghellovision.net/rate/rateViewUsim.do","2026-06-01T03:09:08.487Z"
"","데이터 걱정없는 USIM 7GB","PDB0000279","7GB","7GB","7GB+2Mbps","2Mbps","무제한","무제한","월 17,500원",17500,"","",["유심"],false,"LTE","LTE USIM 요금제","https://direct.lghellovision.net/rate/rateViewUsim.do","2026-06-01T03:09:08.487Z"
"","CU USIM 1.5GB 150분","PDB0000198","1.5GB","1.5GB","","","150분","150건","월 5,940원",5940,"","",["유심"],false,"LTE","LTE USIM 요금제","https://direct.lghellovision.net/rate/rateViewUsim.do","2026-06-01T03:09:08.487Z"
"","CU USIM 2GB 100분","PDB0000273","2GB","2GB","","","100분","100건","월 6,050원",6050,"","",["유심"],false,"LTE","LTE USIM 요금제","https://direct.lghellovision.net/rate/rateViewUsim.do","2026-06-01T03:09:08.487Z"
"","헬로 패드 USIM 1GB","PDB0000148","1GB","1GB","","","기본제공","기본제공","월 9,900원",9900,"","",["유심"],false,"LTE","LTE USIM 패드 요금제","https://direct.lghellovision.net/rate/rateViewUsim.do","2026-06-01T03:09:08.487Z"
"","CU USIM 10GB 300분","PDB0000196","10GB","10GB","","","300분","300건","월 25,850원",25850,"","",["유심"],false,"LTE","LTE USIM 요금제","https://direct.lghellovision.net/rate/rateViewUsim.do","2026-06-01T03:09:08.487Z"
"","헬로 패드 USIM 3GB","PDB0000150","3GB","3GB","","","기본제공","기본제공","월 16,500원",16500,"","",["유심"],false,"LTE","LTE USIM 패드 요금제","https://direct.lghellovision.net/rate/rateViewUsim.do","2026-06-01T03:09:08.487Z"
"","헬로 패드 USIM 6GB","PDB0000151","6GB","6GB","","","기본제공","기본제공","월 22,000원",22000,"","",["유심"],false,"LTE","LTE USIM 패드 요금제","https://direct.lghellovision.net/rate/rateViewUsim.do","2026-06-01T03:09:08.487Z"
"","조건없는 USIM LTE 1GB","PDB0000115","1GB","1GB","","","50분","기본제공","월 4,950원",4950,"","",["유심"],false,"LTE","LTE USIM 요금제","https://direct.lghellovision.net/rate/rateViewUsim.do","2026-06-01T03:09:08.487Z"
"","조건없는 USIM LTE 31","PDB0000027","6GB","6GB","","","350분","350건","월 34,100원",34100,"","",["유심"],false,"LTE","LTE USIM 요금제","https://direct.lghellovision.net/rate/rateViewUsim.do","2026-06-01T03:09:08.487Z"
"","보편 USIM 6GB","PDB0000158","6GB","6GB","","","100분","100건","월 26,400원",26400,"","",["유심"],false,"LTE","LTE USIM 요금제","https://direct.lghellovision.net/rate/rateViewUsim.do","2026-06-01T03:09:08.487Z"
"","조건없는 USIM LTE 500MB","PDB0000114","500GB","500GB","","","50분","기본제공","월 3,740원",3740,"","",["유심"],false,"LTE","LTE USIM 요금제","https://direct.lghellovision.net/rate/rateViewUsim.do","2026-06-01T03:09:08.487Z"
"","헬로 USIM 2GB 200분","PDB0000241","2GB","2GB","","","200분","100건","월 7,370원",7370,"","",["유심"],false,"LTE","LTE USIM 요금제","https://direct.lghellovision.net/rate/rateViewUsim.do","2026-06-01T03:09:08.487Z"
"","헬로 USIM 수다 1.5GB","PDB0000243","1.5GB","1.5GB","","","무제한","무제한","월 9,130원",9130,"","",["유심"],false,"LTE","LTE USIM 요금제","https://direct.lghellovision.net/rate/rateViewUsim.do","2026-06-01T03:09:08.487Z"
"","슬림 안심 USIM 1GB 100분","PDB0000269","1GB","1GB","1GB+1Mbps","1Mbps","100분","50건","월 9,900원",9900,"","",["유심"],false,"LTE","LTE USIM 요금제","https://direct.lghellovision.net/rate/rateViewUsim.do","2026-06-01T03:09:08.487Z"
"","The 착한 데이터 USIM 2GB&#40;new&#41;","PDB0000180","2GB","2GB","","","무제한","무제한","월 10,120원",10120,"","",["유심"],false,"LTE","LTE USIM 요금제","https://direct.lghellovision.net/rate/rateViewUsim.do","2026-06-01T03:09:08.487Z"
"","CU USIM 3GB 250분","PDB0000216","3GB","3GB","","","250분","250건","월 10,230원",10230,"","",["유심"],false,"LTE","LTE USIM 요금제","https://direct.lghellovision.net/rate/rateViewUsim.do","2026-06-01T03:09:08.487Z"
"","데이터플러스 10GB","PDB0000181","10GB","10GB","","","기본제공","기본제공","월 10,780원",10780,"","",["유심"],false,"LTE","LTE USIM 패드 요금제","https://direct.lghellovision.net/rate/rateViewUsim.do","2026-06-01T03:09:08.487Z"
"","The 착한 데이터 USIM 300MB","PDB0000118","300GB","300GB","","","무제한","무제한","월 11,550원",11550,"","",["유심"],false,"LTE","LTE USIM 요금제","https://direct.lghellovision.net/rate/rateViewUsim.do","2026-06-01T03:09:08.487Z"
"","헬로 USIM 5GB 200분","PDB0000242","5GB","5GB","","","200분","100건","월 12,980원",12980,"","",["유심"],false,"LTE","LTE USIM 요금제","https://direct.lghellovision.net/rate/rateViewUsim.do","2026-06-01T03:09:08.487Z"
"","데이터플러스 20GB","PDB0000182","20GB","20GB","","","기본제공","기본제공","월 14,080원",14080,"","",["유심"],false,"LTE","LTE USIM 패드 요금제","https://direct.lghellovision.net/rate/rateViewUsim.do","2026-06-01T03:09:08.487Z"
"","LTE USIM 복지 19","PDB0000109","1.5GB","1.5GB","","","200분","200건","월 14,900원",14900,"","",["유심"],false,"LTE","LTE USIM 요금제","https://direct.lghellovision.net/rate/rateViewUsim.do","2026-06-01T03:09:08.487Z"
"","CU USIM 7GB 180분","PDB0000264","7GB","7GB","","","180분","100건","월 16,800원",16800,"","",["유심"],false,"LTE","LTE USIM 요금제","https://direct.lghellovision.net/rate/rateViewUsim.do","2026-06-01T03:09:08.487Z"
"","The 착한 데이터 USIM 100MB","PDB0000127","100GB","100GB","","","무제한","무제한","월 19,800원",19800,"","",["유심"],false,"LTE","LTE USIM 요금제","https://direct.lghellovision.net/rate/rateViewUsim.do","2026-06-01T03:09:08.487Z"
"","조건없는 USIM LTE 수다 750MB","PDB0000116","750GB","750GB","","","130분","무제한","월 19,800원",19800,"","",["유심"],false,"LTE","LTE USIM 요금제","https://direct.lghellovision.net/rate/rateViewUsim.do","2026-06-01T03:09:08.487Z"
"","조건없는 USIM LTE 21","PDB0000083","1.5GB","1.5GB","","","200분","200건","월 23,100원",23100,"","",["유심"],false,"LTE","LTE USIM 요금제","https://direct.lghellovision.net/rate/rateViewUsim.do","2026-06-01T03:09:08.487Z"
"","데이터 걱정없는 USIM 2.5GB","PDB0000265","2.5GB","2.5GB","2.5GB+1Mbps","1Mbps","무제한","무제한","월 25,100원",25100,"","",["유심"],false,"LTE","LTE USIM 요금제","https://direct.lghellovision.net/rate/rateViewUsim.do","2026-06-01T03:09:08.487Z"
"","보편 안심 USIM 15GB","PDB0000266","15GB","15GB","15GB+3Mbps","3Mbps","100분","100건","월 25,300원",25300,"","",["유심"],false,"LTE","LTE USIM 요금제","https://direct.lghellovision.net/rate/rateViewUsim.do","2026-06-01T03:09:08.487Z"
"","착한 페이백 데이터 USIM 1GB","PDB0000131","1GB","1GB","","","무제한","무제한","월 26,900원",26900,"","",["유심"],false,"LTE","LTE USIM 요금제","https://direct.lghellovision.net/rate/rateViewUsim.do","2026-06-01T03:09:08.487Z"
"","조건없는 USIM LTE 26","PDB0000110","2.5GB","2.5GB","","","250분","250건","월 28,600원",28600,"","",["유심"],false,"LTE","LTE USIM 요금제","https://direct.lghellovision.net/rate/rateViewUsim.do","2026-06-01T03:09:08.487Z"
"","헬로 패드 USIM 10GB","PDB0000152","10GB","10GB","","","기본제공","기본제공","월 31,900원",31900,"","",["유심"],false,"LTE","LTE USIM 패드 요금제","https://direct.lghellovision.net/rate/rateViewUsim.do","2026-06-01T03:09:08.487Z"
"","The 착한 데이터 USIM 11GB","PDB0000280","11GB+일2GB","11GB+일2GB","11GB+일2GB+3Mbps","3Mbps","무제한","무제한","월 33,990원",33990,"","",["유심"],false,"LTE","LTE USIM 요금제","https://direct.lghellovision.net/rate/rateViewUsim.do","2026-06-01T03:09:08.487Z"
"","데이터 걱정없는 일5GB","PDLB000006","일5GB","일5GB","일5GB+4Mbps","4Mbps","무제한","무제한","월 65,900원",65900,"","",["휴대폰"],false,"LTE","LTE 요금제","https://direct.lghellovision.net/rate/rateViewPhone.do","2026-06-01T03:09:08.562Z"
"","단말보험 1GB &#40;I폰 파손 50&#41;","PDLB000367","1GB","1GB","1GB+2Mbps","2Mbps","무제한","무제한","월 27,400원",27400,"","",["휴대폰"],false,"LTE","LTE 요금제","https://direct.lghellovision.net/rate/rateViewPhone.do","2026-06-01T03:09:08.562Z"
"","[혜택형] 5G 중간요금제 95GB","PDLB000400","95GB","95GB","95GB+3Mbps","3Mbps","무제한","무제한","월 63,000원",63000,"","",["휴대폰"],false,"5G","5G 요금제","https://direct.lghellovision.net/rate/rateViewPhone.do","2026-06-01T03:09:08.562Z"
"","5G 중간요금제 50GB","PDLB000263","50GB","50GB","50GB+2Mbps","2Mbps","무제한","무제한","월 60,000원",60000,"","",["휴대폰"],false,"5G","5G 요금제","https://direct.lghellovision.net/rate/rateViewPhone.do","2026-06-01T03:09:08.562Z"
"","시니어 통화 데이터 넉넉히 4GB","PDLB000167","4GB","4GB","4GB+1Mbps","1Mbps","무제한","무제한","월 34,100원",34100,"","",["휴대폰"],false,"LTE","LTE 요금제","https://direct.lghellovision.net/rate/rateViewPhone.do","2026-06-01T03:09:08.562Z"
"","The 착한 데이터 0GB","PDLB000327","","","","","무제한","무제한","월 19,900원",19900,"","",["휴대폰"],false,"LTE","LTE 요금제","https://direct.lghellovision.net/rate/rateViewPhone.do","2026-06-01T03:09:08.562Z"
"","보편 안심 15GB 100분","PDLB000027","15GB","15GB","15GB+3Mbps","3Mbps","100분","100건","월 47,300원",47300,"","",["휴대폰"],false,"LTE","LTE 요금제","https://direct.lghellovision.net/rate/rateViewPhone.do","2026-06-01T03:09:08.562Z"
"","단말보험 10GB &#40;일반형&#41;","PDLB000357","10GB","10GB","10GB+2Mbps","2Mbps","무제한","무제한","월 40,000원",40000,"","",["휴대폰"],false,"LTE","LTE 요금제","https://direct.lghellovision.net/rate/rateViewPhone.do","2026-06-01T03:09:08.562Z"
"","쿠폰팩 5GB","PDLB000374","5GB","5GB","5GB+2Mbps","2Mbps","무제한","무제한","월 36,700원",36700,"","",["휴대폰"],false,"LTE","LTE 요금제","https://direct.lghellovision.net/rate/rateViewPhone.do","2026-06-01T03:09:08.562Z"
"","단말보험 10GB &#40;I폰 분실/파손 150&#41;","PDLB000358","10GB","10GB","10GB+2Mbps","2Mbps","무제한","무제한","월 41,300원",41300,"","",["휴대폰"],false,"LTE","LTE 요금제","https://direct.lghellovision.net/rate/rateViewPhone.do","2026-06-01T03:09:08.562Z"
"","단말보험 4.5GB &#40;I폰 파손 50&#41;","PDLB000371","4.5GB","4.5GB","4.5GB+2Mbps","2Mbps","무제한","무제한","월 34,400원",34400,"","",["휴대폰"],false,"LTE","LTE 요금제","https://direct.lghellovision.net/rate/rateViewPhone.do","2026-06-01T03:09:08.562Z"
"","슬림 250MB 50분","PDLB000014","250GB","250GB","","","50분","기본제공","월 18,900원",18900,"","",["휴대폰"],false,"LTE","LTE 요금제","https://direct.lghellovision.net/rate/rateViewPhone.do","2026-06-01T03:09:08.562Z"
"","5G 중간요금제 95GB","PDLB000261","95GB","95GB","95GB+3Mbps","3Mbps","무제한","무제한","월 63,000원",63000,"","",["휴대폰"],false,"5G","5G 요금제","https://direct.lghellovision.net/rate/rateViewPhone.do","2026-06-01T03:09:08.562Z"
"","5G 중간요금제 125GB","PDLB000260","125GB","125GB","125GB+4Mbps","4Mbps","무제한","무제한","월 66,000원",66000,"","",["휴대폰"],false,"5G","5G 요금제","https://direct.lghellovision.net/rate/rateViewPhone.do","2026-06-01T03:09:08.562Z"
"","5G 15GB 200분","PDLB000236","15GB","15GB","","","200분","100건","월 25,000원",25000,"","",["휴대폰"],false,"5G","5G 요금제","https://direct.lghellovision.net/rate/rateViewPhone.do","2026-06-01T03:09:08.562Z"
"","단말보험 11GB &#40;VIP형&#41;","PDLB000360","11GB+일2GB","11GB+일2GB","11GB+일2GB+3Mbps","3Mbps","무제한","무제한","월 58,800원",58800,"","",["휴대폰"],false,"LTE","LTE 요금제","https://direct.lghellovision.net/rate/rateViewPhone.do","2026-06-01T03:09:08.562Z"
"","안심보험 5GB","PDLB000378","5GB","5GB","5GB+2Mbps","2Mbps","무제한","무제한","월 33,800원",33800,"","",["휴대폰"],false,"LTE","LTE 요금제","https://direct.lghellovision.net/rate/rateViewPhone.do","2026-06-01T03:09:08.562Z"
"","쿠폰팩 데이터 더주는 15GB","PDLB000353","15GB","15GB","15GB+2Mbps","2Mbps","무제한","무제한","월 43,200원",43200,"","",["휴대폰"],false,"LTE","LTE 요금제","https://direct.lghellovision.net/rate/rateViewPhone.do","2026-06-01T03:09:08.562Z"
"","데이터 걱정없는 15GB","PDLB000295","15GB","15GB","15GB+2Mbps","2Mbps","무제한","무제한","월 39,900원",39900,"","",["휴대폰"],false,"LTE","LTE 요금제","https://direct.lghellovision.net/rate/rateViewPhone.do","2026-06-01T03:09:08.562Z"
"","데이터 더주는 11GB","PDLB000323","11GB+일2GB","11GB+일2GB","11GB+일2GB+3Mbps","3Mbps","무제한","무제한","월 56,000원",56000,"","",["휴대폰"],false,"LTE","LTE 요금제","https://direct.lghellovision.net/rate/rateViewPhone.do","2026-06-01T03:09:08.562Z"
"","LTE 표준","PDLB000298","","","","","기본제공","50건","월 16,900원",16900,"","",["휴대폰"],false,"LTE","LTE 요금제","https://direct.lghellovision.net/rate/rateViewPhone.do","2026-06-01T03:09:08.562Z"
"","5G 통화 맘편히 3GB","PDLB000201","3GB","3GB","","","무제한","무제한","월 17,000원",17000,"","",["휴대폰"],false,"5G","5G 요금제","https://direct.lghellovision.net/rate/rateViewPhone.do","2026-06-01T03:09:08.562Z"
"","슬림 250MB 100분","PDLB000015","250GB","250GB","","","100분","100건","월 18,700원",18700,"","",["휴대폰"],false,"LTE","LTE 요금제","https://direct.lghellovision.net/rate/rateViewPhone.do","2026-06-01T03:09:08.562Z"
"","슬림 500MB 50분","PDLB000257","500GB","500GB","","","50분","50건","월 19,200원",19200,"","",["휴대폰"],false,"LTE","LTE 요금제","https://direct.lghellovision.net/rate/rateViewPhone.do","2026-06-01T03:09:08.562Z"
"","5G 2GB 120분","PDLB000310","2GB","2GB","","","120분","100건","월 19,900원",19900,"","",["휴대폰"],false,"5G","5G 요금제","https://direct.lghellovision.net/rate/rateViewPhone.do","2026-06-01T03:09:08.562Z"
"","슬림 1GB 180분","PDLB000019","1GB","1GB","","","180분","100건","월 20,100원",20100,"","",["휴대폰"],false,"LTE","LTE 요금제","https://direct.lghellovision.net/rate/rateViewPhone.do","2026-06-01T03:09:08.562Z"
"","5G 2GB 200분","PDLB000311","2GB","2GB","","","200분","100건","월 20,900원",20900,"","",["휴대폰"],false,"5G","5G 요금제","https://direct.lghellovision.net/rate/rateViewPhone.do","2026-06-01T03:09:08.562Z"
"","5G 10GB 200분","PDLB000235","10GB","10GB","","","200분","100건","월 22,000원",22000,"","",["휴대폰"],false,"5G","5G 요금제","https://direct.lghellovision.net/rate/rateViewPhone.do","2026-06-01T03:09:08.562Z"
"","5G 3GB 150분","PDLB000312","3GB","3GB","","","150분","100건","월 22,000원",22000,"","",["휴대폰"],false,"5G","5G 요금제","https://direct.lghellovision.net/rate/rateViewPhone.do","2026-06-01T03:09:08.562Z"
"","청소년 안심 1GB 100분","PDLB000309","1GB","1GB","1GB+2Mbps","2Mbps","100분","100건","월 22,900원",22900,"","",["휴대폰"],false,"LTE","LTE 요금제","https://direct.lghellovision.net/rate/rateViewPhone.do","2026-06-01T03:09:08.562Z"
"","5G 통화 맘편히 6GB","PDLB000202","6GB","6GB","","","무제한","무제한","월 23,000원",23000,"","",["휴대폰"],false,"5G","5G 요금제","https://direct.lghellovision.net/rate/rateViewPhone.do","2026-06-01T03:09:08.562Z"
"","청소년 안심 1GB","PDLB000308","1GB","1GB","1GB+2Mbps","2Mbps","무제한","무제한","월 23,900원",23900,"","",["휴대폰"],false,"LTE","LTE 요금제","https://direct.lghellovision.net/rate/rateViewPhone.do","2026-06-01T03:09:08.562Z"
"","The 착한 데이터 1.3GB","PDLB000008","1.3GB","1.3GB","","","무제한","무제한","월 24,000원",24000,"","",["휴대폰"],false,"LTE","LTE 요금제","https://direct.lghellovision.net/rate/rateViewPhone.do","2026-06-01T03:09:08.562Z"
"","보편 3.5GB 100분","PDLB000021","3.5GB","3.5GB","","","100분","100건","월 24,000원",24000,"","",["휴대폰"],false,"LTE","LTE 요금제","https://direct.lghellovision.net/rate/rateViewPhone.do","2026-06-01T03:09:08.562Z"
"","청소년 24","PDLB000029","500GB","500GB","","","기본제공","1000건","월 24,750원",24750,"","",["휴대폰"],false,"LTE","LTE 요금제","https://direct.lghellovision.net/rate/rateViewPhone.do","2026-06-01T03:09:08.562Z"
"","데이터 걱정없는 1GB","PDLB000296","1GB","1GB","1GB+2Mbps","2Mbps","무제한","무제한","월 24,900원",24900,"","",["휴대폰"],false,"LTE","LTE 요금제","https://direct.lghellovision.net/rate/rateViewPhone.do","2026-06-01T03:09:08.562Z"
"","The 착한 데이터 2.5GB","PDLB000258","2.5GB","2.5GB","","","무제한","무제한","월 25,000원",25000,"","",["휴대폰"],false,"LTE","LTE 요금제","https://direct.lghellovision.net/rate/rateViewPhone.do","2026-06-01T03:09:08.562Z"
"","슬림 1GB 100분","PDLB000018","1GB","1GB","","","100분","100건","월 26,000원",26000,"","",["휴대폰"],false,"LTE","LTE 요금제","https://direct.lghellovision.net/rate/rateViewPhone.do","2026-06-01T03:09:08.562Z"
"","5G 통화 맘편히 9GB","PDLB000203","9GB","9GB","","","무제한","무제한","월 26,000원",26000,"","",["휴대폰"],false,"5G","5G 요금제","https://direct.lghellovision.net/rate/rateViewPhone.do","2026-06-01T03:09:08.562Z"
"","안심보험 슬림 1GB 100분","PDLB000379","1GB","1GB","","","100분","100건","월 26,900원",26900,"","",["휴대폰"],false,"LTE","LTE 요금제","https://direct.lghellovision.net/rate/rateViewPhone.do","2026-06-01T03:09:08.562Z"
"","5G 6GB 200분","PDLB000234","6GB","6GB","","","200분","100건","월 27,000원",27000,"","",["휴대폰"],false,"5G","5G 요금제","https://direct.lghellovision.net/rate/rateViewPhone.do","2026-06-01T03:09:08.562Z"
"","The 착한 데이터 3.6GB","PDLB000010","3.6GB","3.6GB","","","무제한","무제한","월 27,000원",27000,"","",["휴대폰"],false,"LTE","LTE 요금제","https://direct.lghellovision.net/rate/rateViewPhone.do","2026-06-01T03:09:08.562Z"
"","쿠폰팩 1GB","PDLB000348","1GB","1GB","1GB+2Mbps","2Mbps","무제한","무제한","월 27,300원",27300,"","",["휴대폰"],false,"LTE","LTE 요금제","https://direct.lghellovision.net/rate/rateViewPhone.do","2026-06-01T03:09:08.562Z"
"","단말보험 1GB &#40;일반형&#41;","PDLB000365","1GB","1GB","1GB+2Mbps","2Mbps","무제한","무제한","월 27,400원",27400,"","",["휴대폰"],false,"LTE","LTE 요금제","https://direct.lghellovision.net/rate/rateViewPhone.do","2026-06-01T03:09:08.562Z"
"","단말보험 1GB &#40;I폰 분실/파손 150&#41;","PDLB000366","1GB","1GB","1GB+2Mbps","2Mbps","무제한","무제한","월 28,700원",28700,"","",["휴대폰"],false,"LTE","LTE 요금제","https://direct.lghellovision.net/rate/rateViewPhone.do","2026-06-01T03:09:08.562Z"
"","단말보험 1GB &#40;VIP형&#41;","PDLB000364","1GB","1GB","1GB+2Mbps","2Mbps","무제한","무제한","월 28,700원",28700,"","",["휴대폰"],false,"LTE","LTE 요금제","https://direct.lghellovision.net/rate/rateViewPhone.do","2026-06-01T03:09:08.562Z"
"","청소년 안심 4.5GB","PDLB000307","4.5GB","4.5GB","4.5GB+2Mbps","2Mbps","무제한","무제한","월 28,900원",28900,"","",["휴대폰"],false,"LTE","LTE 요금제","https://direct.lghellovision.net/rate/rateViewPhone.do","2026-06-01T03:09:08.562Z"
"","시니어 통화 데이터 넉넉히 2GB","PDLB000166","2GB","2GB","2GB+1Mbps","1Mbps","무제한","무제한","월 29,700원",29700,"","",["휴대폰"],false,"LTE","LTE 요금제","https://direct.lghellovision.net/rate/rateViewPhone.do","2026-06-01T03:09:08.562Z"
"","시니어 안심보험 4GB","PDLB000381","4GB","4GB","4GB+2Mbps","2Mbps","무제한","무제한","월 29,900원",29900,"","",["휴대폰"],false,"LTE","LTE 요금제","https://direct.lghellovision.net/rate/rateViewPhone.do","2026-06-01T03:09:08.562Z"
"","보편 안심 3GB 200분","PDLB000297","3GB","3GB","3GB+2Mbps","2Mbps","200분","100건","월 30,900원",30900,"","",["휴대폰"],false,"LTE","LTE 요금제","https://direct.lghellovision.net/rate/rateViewPhone.do","2026-06-01T03:09:08.562Z"
"","데이터 걱정없는 4.5GB","PDLB000180","4.5GB","4.5GB","4.5GB+2Mbps","2Mbps","무제한","무제한","월 31,900원",31900,"","",["휴대폰"],false,"LTE","LTE 요금제","https://direct.lghellovision.net/rate/rateViewPhone.do","2026-06-01T03:09:08.562Z"
"","청소년 안심 32","PDLB000028","750GB","750GB","750GB+1Mbps","1Mbps","무제한","무제한","월 32,890원",32890,"","",["휴대폰"],false,"LTE","LTE 요금제","https://direct.lghellovision.net/rate/rateViewPhone.do","2026-06-01T03:09:08.562Z"
"","데이터 걱정없는 5GB","PDLB000325","5GB","5GB","5GB+2Mbps","2Mbps","무제한","무제한","월 32,900원",32900,"","",["휴대폰"],false,"LTE","LTE 요금제","https://direct.lghellovision.net/rate/rateViewPhone.do","2026-06-01T03:09:08.562Z"
"","보편 안심 5GB 200분","PDLB000181","5GB","5GB","5GB+2Mbps","2Mbps","200분","100건","월 33,000원",33000,"","",["휴대폰"],false,"LTE","LTE 요금제","https://direct.lghellovision.net/rate/rateViewPhone.do","2026-06-01T03:09:08.562Z"
"","쿠폰팩 4.5GB","PDLB000349","4.5GB","4.5GB","4.5GB+2Mbps","2Mbps","무제한","무제한","월 34,300원",34300,"","",["휴대폰"],false,"LTE","LTE 요금제","https://direct.lghellovision.net/rate/rateViewPhone.do","2026-06-01T03:09:08.562Z"
"","단말보험 4.5GB &#40;일반형&#41;","PDLB000369","4.5GB","4.5GB","4.5GB+2Mbps","2Mbps","무제한","무제한","월 34,400원",34400,"","",["휴대폰"],false,"LTE","LTE 요금제","https://direct.lghellovision.net/rate/rateViewPhone.do","2026-06-01T03:09:08.562Z"
"","단말보험 4.5GB &#40;I폰 분실/파손 150&#41;","PDLB000370","4.5GB","4.5GB","4.5GB+2Mbps","2Mbps","무제한","무제한","월 35,700원",35700,"","",["휴대폰"],false,"LTE","LTE 요금제","https://direct.lghellovision.net/rate/rateViewPhone.do","2026-06-01T03:09:08.562Z"
"","단말보험 4.5GB &#40;VIP형&#41;","PDLB000368","4.5GB","4.5GB","4.5GB+2Mbps","2Mbps","무제한","무제한","월 35,700원",35700,"","",["휴대폰"],false,"LTE","LTE 요금제","https://direct.lghellovision.net/rate/rateViewPhone.do","2026-06-01T03:09:08.562Z"
"","데이터 걱정없는 7GB","PDLB000183","7GB","7GB","7GB+2Mbps","2Mbps","무제한","무제한","월 35,900원",35900,"","",["휴대폰"],false,"LTE","LTE 요금제","https://direct.lghellovision.net/rate/rateViewPhone.do","2026-06-01T03:09:08.562Z"
"","데이터 더주는 7GB","PDLB000320","7GB","7GB","7GB+2Mbps","2Mbps","무제한","무제한","월 36,900원",36900,"","",["휴대폰"],false,"LTE","LTE 요금제","https://direct.lghellovision.net/rate/rateViewPhone.do","2026-06-01T03:09:08.562Z"
"","보편 안심 10GB 200분","PDLB000182","10GB","10GB","10GB+2Mbps","2Mbps","200분","100건","월 36,900원",36900,"","",["휴대폰"],false,"LTE","LTE 요금제","https://direct.lghellovision.net/rate/rateViewPhone.do","2026-06-01T03:09:08.562Z"
"","데이터 걱정없는 10GB","PDLB000294","10GB","10GB","10GB+2Mbps","2Mbps","무제한","무제한","월 37,500원",37500,"","",["휴대폰"],false,"LTE","LTE 요금제","https://direct.lghellovision.net/rate/rateViewPhone.do","2026-06-01T03:09:08.562Z"
"","데이터 더주는 10GB","PDLB000321","10GB","10GB","10GB+2Mbps","2Mbps","무제한","무제한","월 37,900원",37900,"","",["휴대폰"],false,"LTE","LTE 요금제","https://direct.lghellovision.net/rate/rateViewPhone.do","2026-06-01T03:09:08.562Z"
"","쿠폰팩 7GB","PDLB000343","7GB","7GB","7GB+2Mbps","2Mbps","무제한","무제한","월 38,300원",38300,"","",["휴대폰"],false,"LTE","LTE 요금제","https://direct.lghellovision.net/rate/rateViewPhone.do","2026-06-01T03:09:08.562Z"
"","쿠폰팩 10GB","PDLB000344","10GB","10GB","10GB+2Mbps","2Mbps","무제한","무제한","월 39,300원",39300,"","",["휴대폰"],false,"LTE","LTE 요금제","https://direct.lghellovision.net/rate/rateViewPhone.do","2026-06-01T03:09:08.562Z"
"","쿠폰팩 데이터 더주는 7GB","PDLB000351","7GB","7GB","7GB+2Mbps","2Mbps","무제한","무제한","월 39,300원",39300,"","",["휴대폰"],false,"LTE","LTE 요금제","https://direct.lghellovision.net/rate/rateViewPhone.do","2026-06-01T03:09:08.563Z"
"","보편 6GB 100분","PDLB000023","6GB","6GB","","","100분","100건","월 40,000원",40000,"","",["휴대폰"],false,"LTE","LTE 요금제","https://direct.lghellovision.net/rate/rateViewPhone.do","2026-06-01T03:09:08.563Z"
"","단말보험 10GB &#40;I폰 파손 50&#41;","PDLB000359","10GB","10GB","10GB+2Mbps","2Mbps","무제한","무제한","월 40,000원",40000,"","",["휴대폰"],false,"LTE","LTE 요금제","https://direct.lghellovision.net/rate/rateViewPhone.do","2026-06-01T03:09:08.563Z"
"","쿠폰팩 데이터 더주는 10GB","PDLB000352","10GB","10GB","10GB+2Mbps","2Mbps","무제한","무제한","월 40,300원",40300,"","",["휴대폰"],false,"LTE","LTE 요금제","https://direct.lghellovision.net/rate/rateViewPhone.do","2026-06-01T03:09:08.563Z"
"","데이터 더주는 15GB","PDLB000322","15GB","15GB","15GB+2Mbps","2Mbps","무제한","무제한","월 40,800원",40800,"","",["휴대폰"],false,"LTE","LTE 요금제","https://direct.lghellovision.net/rate/rateViewPhone.do","2026-06-01T03:09:08.563Z"
"","단말보험 10GB &#40;VIP형&#41;","PDLB000356","10GB","10GB","10GB+2Mbps","2Mbps","무제한","무제한","월 41,300원",41300,"","",["휴대폰"],false,"LTE","LTE 요금제","https://direct.lghellovision.net/rate/rateViewPhone.do","2026-06-01T03:09:08.563Z"
"","쿠폰팩 15GB","PDLB000345","15GB","15GB","15GB+2Mbps","2Mbps","무제한","무제한","월 42,300원",42300,"","",["휴대폰"],false,"LTE","LTE 요금제","https://direct.lghellovision.net/rate/rateViewPhone.do","2026-06-01T03:09:08.563Z"
"","데이터 걱정없는 2.5GB","PDLB000003","2.5GB","2.5GB","2.5GB+1Mbps","1Mbps","무제한","무제한","월 44,000원",44000,"","",["휴대폰"],false,"LTE","LTE 요금제","https://direct.lghellovision.net/rate/rateViewPhone.do","2026-06-01T03:09:08.563Z"
"","보편 10GB 100분","PDLB000025","10GB","10GB","","","100분","100건","월 45,000원",45000,"","",["휴대폰"],false,"LTE","LTE 요금제","https://direct.lghellovision.net/rate/rateViewPhone.do","2026-06-01T03:09:08.563Z"
"","The 착한 데이터 6.6GB","PDLB000011","6.6GB","6.6GB","","","무제한","무제한","월 45,430원",45430,"","",["휴대폰"],false,"LTE","LTE 요금제","https://direct.lghellovision.net/rate/rateViewPhone.do","2026-06-01T03:09:08.563Z"
"","데이터 더주는 15GB 100분","PDLB000324","15GB","15GB","15GB+3Mbps","3Mbps","100분","100건","월 48,300원",48300,"","",["휴대폰"],false,"LTE","LTE 요금제","https://direct.lghellovision.net/rate/rateViewPhone.do","2026-06-01T03:09:08.563Z"
"","데이터 걱정없는 3.5GB","PDLB000004","3.5GB","3.5GB","3.5GB+2Mbps","2Mbps","무제한","무제한","월 49,000원",49000,"","",["휴대폰"],false,"LTE","LTE 요금제","https://direct.lghellovision.net/rate/rateViewPhone.do","2026-06-01T03:09:08.563Z"
"","쿠폰팩 15GB 100분","PDLB000347","15GB","15GB","15GB+3Mbps","3Mbps","100분","100건","월 49,700원",49700,"","",["휴대폰"],false,"LTE","LTE 요금제","https://direct.lghellovision.net/rate/rateViewPhone.do","2026-06-01T03:09:08.563Z"
"","5G 라이트 12GB","PDLB000192","12GB","12GB","12GB+2Mbps","2Mbps","무제한","무제한","월 50,000원",50000,"","",["휴대폰"],false,"5G","5G 요금제","https://direct.lghellovision.net/rate/rateViewPhone.do","2026-06-01T03:09:08.563Z"
"","쿠폰팩 데이터 더주는 15GB 100분","PDLB000355","15GB","15GB","15GB+3Mbps","3Mbps","100분","100건","월 50,700원",50700,"","",["휴대폰"],false,"LTE","LTE 요금제","https://direct.lghellovision.net/rate/rateViewPhone.do","2026-06-01T03:09:08.563Z"
"","The 착한 데이터 9GB 3000분","PDLB000259","9GB","9GB","","","3000분","1000건","월 53,000원",53000,"","",["휴대폰"],false,"LTE","LTE 요금제","https://direct.lghellovision.net/rate/rateViewPhone.do","2026-06-01T03:09:08.563Z"
"","The 착한 데이터 11GB","PDLB000012","11GB+일2GB","11GB+일2GB","11GB+일2GB+3Mbps","3Mbps","무제한","무제한","월 55,000원",55000,"","",["휴대폰"],false,"LTE","LTE 요금제","https://direct.lghellovision.net/rate/rateViewPhone.do","2026-06-01T03:09:08.563Z"
"","[혜택형] The 착한 데이터 11GB","PDLB000399","11GB+일2GB","11GB+일2GB","11GB+일2GB+3Mbps","3Mbps","무제한","무제한","월 55,000원",55000,"","",["휴대폰"],false,"LTE","LTE 요금제","https://direct.lghellovision.net/rate/rateViewPhone.do","2026-06-01T03:09:08.563Z"
"","쿠폰팩 11GB","PDLB000346","11GB+일2GB","11GB+일2GB","11GB+일2GB+3Mbps","3Mbps","무제한","무제한","월 57,400원",57400,"","",["휴대폰"],false,"LTE","LTE 요금제","https://direct.lghellovision.net/rate/rateViewPhone.do","2026-06-01T03:09:08.563Z"
"","단말보험 11GB &#40;일반형&#41;","PDLB000361","11GB+일2GB","11GB+일2GB","11GB+일2GB+3Mbps","3Mbps","무제한","무제한","월 57,500원",57500,"","",["휴대폰"],false,"LTE","LTE 요금제","https://direct.lghellovision.net/rate/rateViewPhone.do","2026-06-01T03:09:08.563Z"
"","단말보험 11GB &#40;I폰 파손 50&#41;","PDLB000363","11GB+일2GB","11GB+일2GB","11GB+일2GB+3Mbps","3Mbps","무제한","무제한","월 57,500원",57500,"","",["휴대폰"],false,"LTE","LTE 요금제","https://direct.lghellovision.net/rate/rateViewPhone.do","2026-06-01T03:09:08.563Z"
"","5G 중간요금제 31GB","PDLB000256","31GB","31GB","31GB+2Mbps","2Mbps","무제한","무제한","월 58,300원",58300,"","",["휴대폰"],false,"5G","5G 요금제","https://direct.lghellovision.net/rate/rateViewPhone.do","2026-06-01T03:09:08.563Z"
"","쿠폰팩 데이터 더주는 11GB","PDLB000354","11GB+일2GB","11GB+일2GB","11GB+일2GB+3Mbps","3Mbps","무제한","무제한","월 58,400원",58400,"","",["휴대폰"],false,"LTE","LTE 요금제","https://direct.lghellovision.net/rate/rateViewPhone.do","2026-06-01T03:09:08.563Z"
"","단말보험 11GB &#40;I폰 분실/파손 150&#41;","PDLB000362","11GB+일2GB","11GB+일2GB","11GB+일2GB+3Mbps","3Mbps","무제한","무제한","월 58,800원",58800,"","",["휴대폰"],false,"LTE","LTE 요금제","https://direct.lghellovision.net/rate/rateViewPhone.do","2026-06-01T03:09:08.563Z"
"","데이터 걱정없는 6.6GB","PDLB000005","6.6GB","6.6GB","6.6GB+2Mbps","2Mbps","무제한","무제한","월 59,000원",59000,"","",["휴대폰"],false,"LTE","LTE 요금제","https://direct.lghellovision.net/rate/rateViewPhone.do","2026-06-01T03:09:08.563Z"
"","5G 중간요금제 80GB","PDLB000262","80GB","80GB","80GB+2Mbps","2Mbps","무제한","무제한","월 62,000원",62000,"","",["휴대폰"],false,"5G","5G 요금제","https://direct.lghellovision.net/rate/rateViewPhone.do","2026-06-01T03:09:08.563Z"
"","[혜택형] 데이터 걱정없는 일5GB","PDLB000397","일5GB","일5GB","일5GB+4Mbps","4Mbps","무제한","무제한","월 65,900원",65900,"","",["휴대폰"],false,"LTE","LTE 요금제","https://direct.lghellovision.net/rate/rateViewPhone.do","2026-06-01T03:09:08.563Z"
"","[혜택형] DATA 걱정없는 100GB","PDLB000398","100GB","100GB","100GB+4Mbps","4Mbps","무제한","무제한","월 65,900원",65900,"","",["휴대폰"],false,"LTE","LTE 요금제","https://direct.lghellovision.net/rate/rateViewPhone.do","2026-06-01T03:09:08.563Z"
"","DATA 걱정없는 100GB","PDLB000373","100GB","100GB","100GB+4Mbps","4Mbps","무제한","무제한","월 65,900원",65900,"","",["휴대폰"],false,"LTE","LTE 요금제","https://direct.lghellovision.net/rate/rateViewPhone.do","2026-06-01T03:09:08.563Z"
"","[혜택형] 5G 중간요금제 125GB","PDLB000401","125GB","125GB","125GB+4Mbps","4Mbps","무제한","무제한","월 66,000원",66000,"","",["휴대폰"],false,"5G","5G 요금제","https://direct.lghellovision.net/rate/rateViewPhone.do","2026-06-01T03:09:08.563Z"
"","데이터 더주는 일5GB","PDLB000319","일5GB","일5GB","일5GB+4Mbps","4Mbps","무제한","무제한","월 66,900원",66900,"","",["휴대폰"],false,"LTE","LTE 요금제","https://direct.lghellovision.net/rate/rateViewPhone.do","2026-06-01T03:09:08.563Z"
"","쿠폰팩 일5GB","PDLB000342","일5GB","일5GB","일5GB+4Mbps","4Mbps","무제한","무제한","월 68,300원",68300,"","",["휴대폰"],false,"LTE","LTE 요금제","https://direct.lghellovision.net/rate/rateViewPhone.do","2026-06-01T03:09:08.563Z"
"","[혜택형] 5G 스탠다드 150GB","PDLB000402","150GB","150GB","150GB+4Mbps","4Mbps","무제한","무제한","월 69,000원",69000,"","",["휴대폰"],false,"5G","5G 요금제","https://direct.lghellovision.net/rate/rateViewPhone.do","2026-06-01T03:09:08.563Z"
"","쿠폰팩 데이터 더주는 일5GB","PDLB000350","일5GB","일5GB","일5GB+4Mbps","4Mbps","무제한","무제한","월 69,000원",69000,"","",["휴대폰"],false,"LTE","LTE 요금제","https://direct.lghellovision.net/rate/rateViewPhone.do","2026-06-01T03:09:08.563Z"
"","5G 스탠다드 150GB","PDLB000193","150GB","150GB","150GB+4Mbps","4Mbps","무제한","무제한","월 69,000원",69000,"","",["휴대폰"],false,"5G","5G 요금제","https://direct.lghellovision.net/rate/rateViewPhone.do","2026-06-01T03:09:08.563Z"
"","5G 스페셜 180GB","PDLB000001","180GB","180GB","180GB+5Mbps","5Mbps","무제한","무제한","월 74,000원",74000,"","",["휴대폰"],false,"5G","5G 요금제","https://direct.lghellovision.net/rate/rateViewPhone.do","2026-06-01T03:09:08.563Z"
"","The 착한 데이터 1GB","PDB0000120","","","","","기본제공","기본제공","","","","",["휴대폰"],false,"LTE","LTE 요금제","https://direct.lghellovision.net/rate/rateViewPhone.do","2026-06-01T03:09:08.596Z"
"","슬림 1GB","PDB0000154","","","","","기본제공","기본제공","","","","",["휴대폰"],false,"LTE","LTE 요금제","https://direct.lghellovision.net/rate/rateViewPhone.do","2026-06-01T03:09:08.596Z"
"","헬로LTE 29","PDB0000052","","","","","기본제공","기본제공","","","","",["휴대폰"],false,"LTE","LTE 요금제","https://direct.lghellovision.net/rate/rateViewPhone.do","2026-06-01T03:09:08.596Z"
"","데이터 걱정없는 3GB","PDB0000263","","","","","기본제공","기본제공","","","","",["휴대폰"],false,"LTE","LTE 요금제","https://direct.lghellovision.net/rate/rateViewPhone.do","2026-06-01T03:09:08.596Z"
"","The 착한 데이터 300MB","PDB0000119","","","","","기본제공","기본제공","","","","",["휴대폰"],false,"LTE","LTE 요금제","https://direct.lghellovision.net/rate/rateViewPhone.do","2026-06-01T03:09:08.596Z"
"","청소년윙 34","PDB0000122","","","","","기본제공","기본제공","","","","",["휴대폰"],false,"LTE","LTE 요금제","https://direct.lghellovision.net/rate/rateViewPhone.do","2026-06-01T03:09:08.596Z"
"","청소년윙 19","PDB0000113","","","","","기본제공","기본제공","","","","",["휴대폰"],false,"LTE","LTE 요금제","https://direct.lghellovision.net/rate/rateViewPhone.do","2026-06-01T03:09:08.596Z"
"","슬림 안심 15GB","PDB0000268","","","","","기본제공","기본제공","","","","",["휴대폰"],false,"LTE","LTE 요금제","https://direct.lghellovision.net/rate/rateViewPhone.do","2026-06-01T03:09:08.596Z"
"","헬로LTE 62(안심차단)","PD00000050","","","","","기본제공","기본제공","","","","",["휴대폰"],false,"LTE","LTE 요금제","https://direct.lghellovision.net/rate/rateViewPhone.do","2026-06-01T03:09:08.596Z"
"","헬로LTE 62","PD00000038","","","","","기본제공","기본제공","","","","",["휴대폰"],false,"LTE","LTE 요금제","https://direct.lghellovision.net/rate/rateViewPhone.do","2026-06-01T03:09:08.596Z"
"","헬로LTE 42","PDB0000111","","","","","기본제공","기본제공","","","","",["휴대폰"],false,"LTE","LTE 요금제","https://direct.lghellovision.net/rate/rateViewPhone.do","2026-06-01T03:09:08.596Z"
"","헬로LTE 17","PDB0000075","","","","","기본제공","기본제공","","","","",["휴대폰"],false,"LTE","LTE 요금제","https://direct.lghellovision.net/rate/rateViewPhone.do","2026-06-01T03:09:08.596Z"
"","The 착한 데이터 10GB","PDB0000094","","","","","기본제공","기본제공","","","","",["휴대폰"],false,"LTE","LTE 요금제","https://direct.lghellovision.net/rate/rateViewPhone.do","2026-06-01T03:09:08.596Z"
"","The 베이직한 2GB","PDB0000208","","","","","기본제공","기본제공","","","","",["휴대폰"],false,"LTE","LTE 요금제","https://direct.lghellovision.net/rate/rateViewPhone.do","2026-06-01T03:09:08.596Z"
"","The 착한 데이터 6GB","PDB0000093","","","","","기본제공","기본제공","","","","",["휴대폰"],false,"LTE","LTE 요금제","https://direct.lghellovision.net/rate/rateViewPhone.do","2026-06-01T03:09:08.596Z"
"","슬림 6GB","PDB0000156","","","","","기본제공","기본제공","","","","",["휴대폰"],false,"LTE","LTE 요금제","https://direct.lghellovision.net/rate/rateViewPhone.do","2026-06-01T03:09:08.596Z"
"","청소년윙 42","PDB0000123","","","","","기본제공","기본제공","","","","",["휴대폰"],false,"LTE","LTE 요금제","https://direct.lghellovision.net/rate/rateViewPhone.do","2026-06-01T03:09:08.596Z"
"","LTE 복지 26","PDB0000061","","","","","기본제공","기본제공","","","","",["휴대폰"],false,"LTE","LTE 요금제","https://direct.lghellovision.net/rate/rateViewPhone.do","2026-06-01T03:09:08.596Z"
"","데이터 걱정없는 2.5GB","PDB0000267","","","","","기본제공","기본제공","","","","",["휴대폰"],false,"LTE","LTE 요금제","https://direct.lghellovision.net/rate/rateViewPhone.do","2026-06-01T03:09:08.596Z"
"","헬로LTE 52","PDB0000112","","","","","기본제공","기본제공","","","","",["휴대폰"],false,"LTE","LTE 요금제","https://direct.lghellovision.net/rate/rateViewPhone.do","2026-06-01T03:09:08.596Z"
"","슬림 250MB","PDB0000153","","","","","기본제공","기본제공","","","","",["휴대폰"],false,"LTE","LTE 요금제","https://direct.lghellovision.net/rate/rateViewPhone.do","2026-06-01T03:09:08.596Z"
"","헬로LTE 표준","PDB0000160","","","","","기본제공","기본제공","","","","",["휴대폰"],false,"LTE","LTE 요금제","https://direct.lghellovision.net/rate/rateViewPhone.do","2026-06-01T03:09:08.596Z"
"","The 착한 데이터 30GB","PDB0000096","","","","","기본제공","기본제공","","","","",["휴대폰"],false,"LTE","LTE 요금제","https://direct.lghellovision.net/rate/rateViewPhone.do","2026-06-01T03:09:08.596Z"
"","슬림 10GB","PDB0000157","","","","","기본제공","기본제공","","","","",["휴대폰"],false,"LTE","LTE 요금제","https://direct.lghellovision.net/rate/rateViewPhone.do","2026-06-01T03:09:08.596Z"
"","슬림 2GB","PDB0000155","","","","","기본제공","기본제공","","","","",["휴대폰"],false,"LTE","LTE 요금제","https://direct.lghellovision.net/rate/rateViewPhone.do","2026-06-01T03:09:08.596Z"
"","The 베이직한 1GB","PDB0000207","","","","","기본제공","기본제공","","","","",["휴대폰"],false,"LTE","LTE 요금제","https://direct.lghellovision.net/rate/rateViewPhone.do","2026-06-01T03:09:08.596Z"
"","헬로LTE 34(안심차단)","PD00000047","","","","","기본제공","기본제공","","","","",["휴대폰"],false,"LTE","LTE 요금제","https://direct.lghellovision.net/rate/rateViewPhone.do","2026-06-01T03:09:08.596Z"
"","데이터 걱정없는 100GB","PDB0000262","","","","","기본제공","기본제공","","","","",["휴대폰"],false,"LTE","LTE 요금제","https://direct.lghellovision.net/rate/rateViewPhone.do","2026-06-01T03:09:08.596Z"
"","청소년윙 24","PDB0000121","","","","","기본제공","기본제공","","","","",["휴대폰"],false,"LTE","LTE 요금제","https://direct.lghellovision.net/rate/rateViewPhone.do","2026-06-01T03:09:08.596Z"
"","The 베이직한 3GB","PDB0000209","","","","","기본제공","기본제공","","","","",["휴대폰"],false,"LTE","LTE 요금제","https://direct.lghellovision.net/rate/rateViewPhone.do","2026-06-01T03:09:08.596Z"
"","헬로LTE 52(안심차단)","PD00000049","","","","","기본제공","기본제공","","","","",["휴대폰"],false,"LTE","LTE 요금제","https://direct.lghellovision.net/rate/rateViewPhone.do","2026-06-01T03:09:08.596Z"
"","헬로LTE 42(안심차단)","PD00000048","","","","","기본제공","기본제공","","","","",["휴대폰"],false,"LTE","LTE 요금제","https://direct.lghellovision.net/rate/rateViewPhone.do","2026-06-01T03:09:08.596Z"
"","The 착한 데이터 15GB","PDB0000095","","","","","기본제공","기본제공","","","","",["휴대폰"],false,"LTE","LTE 요금제","https://direct.lghellovision.net/rate/rateViewPhone.do","2026-06-01T03:09:08.596Z"
"","The 착한 데이터 2GB(new)","PDB0000178","","","","","기본제공","기본제공","","","","",["휴대폰"],false,"LTE","LTE 요금제","https://direct.lghellovision.net/rate/rateViewPhone.do","2026-06-01T03:09:08.596Z"
"","헬로LTE 34","PDB0000084","","","","","기본제공","기본제공","","","","",["휴대폰"],false,"LTE","LTE 요금제","https://direct.lghellovision.net/rate/rateViewPhone.do","2026-06-01T03:09:08.596Z"